series,geo,product,month,index_value,released_at,year
allitems_canada,Canada,All-items,2013-09-01,123.3,2021-07-28 08:30:00,2013
allitems_canada,Canada,All-items,2013-10-01,123.0,2021-07-28 08:30:00,2013
allitems_canada,Canada,All-items,2013-11-01,123.0,2021-07-28 08:30:00,2013
allitems_canada,Canada,All-items,2013-12-01,122.7,2021-07-28 08:30:00,2013
allitems_canada,Canada,All-items,2014-01-01,123.1,2021-07-28 08:30:00,2014
allitems_canada,Canada,All-items,2014-02-01,124.1,2021-07-28 08:30:00,2014
allitems_canada,Canada,All-items,2014-03-01,124.8,2021-07-28 08:30:00,2014
allitems_canada,Canada,All-items,2014-04-01,125.2,2021-07-28 08:30:00,2014
allitems_canada,Canada,All-items,2014-05-01,125.8,2021-07-28 08:30:00,2014
allitems_canada,Canada,All-items,2014-06-01,125.9,2021-07-28 08:30:00,2014
allitems_canada,Canada,All-items,2014-07-01,125.7,2021-07-28 08:30:00,2014
allitems_canada,Canada,All-items,2014-08-01,125.7,2021-07-28 08:30:00,2014
allitems_canada,Canada,All-items,2014-09-01,125.8,2021-07-28 08:30:00,2014
allitems_canada,Canada,All-items,2014-10-01,125.9,2021-07-28 08:30:00,2014
allitems_canada,Canada,All-items,2014-11-01,125.4,2021-07-28 08:30:00,2014
allitems_canada,Canada,All-items,2014-12-01,124.5,2021-07-28 08:30:00,2014
allitems_canada,Canada,All-items,2015-01-01,124.3,2021-07-28 08:30:00,2015
allitems_canada,Canada,All-items,2015-02-01,125.4,2021-07-28 08:30:00,2015
allitems_canada,Canada,All-items,2015-03-01,126.3,2021-07-28 08:30:00,2015
allitems_canada,Canada,All-items,2015-04-01,126.2,2021-07-28 08:30:00,2015
allitems_canada,Canada,All-items,2015-05-01,126.9,2021-07-28 08:30:00,2015
allitems_canada,Canada,All-items,2015-06-01,127.2,2021-07-28 08:30:00,2015
allitems_canada,Canada,All-items,2015-07-01,127.3,2021-07-28 08:30:00,2015
allitems_canada,Canada,All-items,2015-08-01,127.3,2021-07-28 08:30:00,2015
allitems_canada,Canada,All-items,2015-09-01,127.1,2021-07-28 08:30:00,2015
allitems_canada,Canada,All-items,2015-10-01,127.2,2021-07-28 08:30:00,2015
allitems_canada,Canada,All-items,2015-11-01,127.1,2021-07-28 08:30:00,2015
allitems_canada,Canada,All-items,2015-12-01,126.5,2021-07-28 08:30:00,2015
allitems_canada,Canada,All-items,2016-01-01,126.8,2021-07-28 08:30:00,2016
allitems_canada,Canada,All-items,2016-02-01,127.1,2021-07-28 08:30:00,2016
allitems_canada,Canada,All-items,2016-03-01,127.9,2021-07-28 08:30:00,2016
allitems_canada,Canada,All-items,2016-04-01,128.3,2021-07-28 08:30:00,2016
allitems_canada,Canada,All-items,2016-05-01,128.8,2021-07-28 08:30:00,2016
allitems_canada,Canada,All-items,2016-06-01,129.1,2021-07-28 08:30:00,2016
allitems_canada,Canada,All-items,2016-07-01,128.9,2021-07-28 08:30:00,2016
allitems_canada,Canada,All-items,2016-08-01,128.7,2021-07-28 08:30:00,2016
allitems_canada,Canada,All-items,2016-09-01,128.8,2021-07-28 08:30:00,2016
allitems_canada,Canada,All-items,2016-10-01,129.1,2021-07-28 08:30:00,2016
allitems_canada,Canada,All-items,2016-11-01,128.6,2021-07-28 08:30:00,2016
allitems_canada,Canada,All-items,2016-12-01,128.4,2021-07-28 08:30:00,2016
allitems_canada,Canada,All-items,2017-01-01,129.5,2021-07-28 08:30:00,2017
allitems_canada,Canada,All-items,2017-02-01,129.7,2021-07-28 08:30:00,2017
allitems_canada,Canada,All-items,2017-03-01,129.9,2021-07-28 08:30:00,2017
allitems_canada,Canada,All-items,2017-04-01,130.4,2021-07-28 08:30:00,2017
allitems_canada,Canada,All-items,2017-05-01,130.5,2021-07-28 08:30:00,2017
allitems_canada,Canada,All-items,2017-06-01,130.4,2021-07-28 08:30:00,2017
allitems_canada,Canada,All-items,2017-07-01,130.4,2021-07-28 08:30:00,2017
allitems_canada,Canada,All-items,2017-08-01,130.5,2021-07-28 08:30:00,2017
allitems_canada,Canada,All-items,2017-09-01,130.8,2021-07-28 08:30:00,2017
allitems_canada,Canada,All-items,2017-10-01,130.9,2021-07-28 08:30:00,2017
allitems_canada,Canada,All-items,2017-11-01,131.3,2021-07-28 08:30:00,2017
allitems_canada,Canada,All-items,2017-12-01,130.8,2021-07-28 08:30:00,2017
allitems_canada,Canada,All-items,2018-01-01,131.7,2021-07-28 08:30:00,2018
allitems_canada,Canada,All-items,2018-02-01,132.5,2021-07-28 08:30:00,2018
allitems_canada,Canada,All-items,2018-03-01,132.9,2021-07-28 08:30:00,2018
allitems_canada,Canada,All-items,2018-04-01,133.3,2021-07-28 08:30:00,2018
allitems_canada,Canada,All-items,2018-05-01,133.4,2021-07-28 08:30:00,2018
allitems_canada,Canada,All-items,2018-06-01,133.6,2021-07-28 08:30:00,2018
allitems_canada,Canada,All-items,2018-07-01,134.3,2021-07-28 08:30:00,2018
allitems_canada,Canada,All-items,2018-08-01,134.2,2021-07-28 08:30:00,2018
allitems_canada,Canada,All-items,2018-09-01,133.7,2021-07-28 08:30:00,2018
allitems_canada,Canada,All-items,2018-10-01,134.1,2021-07-28 08:30:00,2018
allitems_canada,Canada,All-items,2018-11-01,133.5,2021-07-28 08:30:00,2018
allitems_canada,Canada,All-items,2018-12-01,133.4,2023-06-27 08:30:00,2018
allitems_canada,Canada,All-items,2019-01-01,133.6,2021-09-15 08:30:00,2019
allitems_canada,Canada,All-items,2019-02-01,134.5,2021-09-15 08:30:00,2019
allitems_canada,Canada,All-items,2019-03-01,135.4,2021-09-15 08:30:00,2019
allitems_canada,Canada,All-items,2019-04-01,136.0,2021-09-15 08:30:00,2019
allitems_canada,Canada,All-items,2019-05-01,136.6,2021-09-15 08:30:00,2019
allitems_canada,Canada,All-items,2019-06-01,136.3,2021-09-15 08:30:00,2019
allitems_canada,Canada,All-items,2019-07-01,137.0,2021-09-15 08:30:00,2019
allitems_canada,Canada,All-items,2019-08-01,136.8,2021-09-15 08:30:00,2019
allitems_canada,Canada,All-items,2019-09-01,136.2,2021-09-15 08:30:00,2019
allitems_canada,Canada,All-items,2019-10-01,136.6,2021-09-15 08:30:00,2019
allitems_canada,Canada,All-items,2019-11-01,136.4,2021-09-15 08:30:00,2019
allitems_canada,Canada,All-items,2019-12-01,136.4,2021-09-15 08:30:00,2019
allitems_canada,Canada,All-items,2020-01-01,136.8,2021-09-15 08:30:00,2020
allitems_canada,Canada,All-items,2020-02-01,137.4,2021-09-15 08:30:00,2020
allitems_canada,Canada,All-items,2020-03-01,136.6,2021-09-15 08:30:00,2020
allitems_canada,Canada,All-items,2020-04-01,135.7,2021-09-15 08:30:00,2020
allitems_canada,Canada,All-items,2020-05-01,136.1,2021-09-15 08:30:00,2020
allitems_canada,Canada,All-items,2020-06-01,137.2,2021-09-15 08:30:00,2020
allitems_canada,Canada,All-items,2020-07-01,137.2,2021-09-15 08:30:00,2020
allitems_canada,Canada,All-items,2020-08-01,137.0,2021-09-15 08:30:00,2020
allitems_canada,Canada,All-items,2020-09-01,136.9,2021-09-15 08:30:00,2020
allitems_canada,Canada,All-items,2020-10-01,137.5,2021-09-15 08:30:00,2020
allitems_canada,Canada,All-items,2020-11-01,137.7,2021-09-15 08:30:00,2020
allitems_canada,Canada,All-items,2020-12-01,137.4,2021-09-15 08:30:00,2020
allitems_canada,Canada,All-items,2021-01-01,138.2,2021-09-15 08:30:00,2021
allitems_canada,Canada,All-items,2021-02-01,138.9,2021-09-15 08:30:00,2021
allitems_canada,Canada,All-items,2021-03-01,139.6,2021-09-15 08:30:00,2021
allitems_canada,Canada,All-items,2021-04-01,140.3,2021-09-15 08:30:00,2021
allitems_canada,Canada,All-items,2021-05-01,141.0,2021-09-15 08:30:00,2021
allitems_canada,Canada,All-items,2021-06-01,141.4,2021-09-15 08:30:00,2021
allitems_canada,Canada,All-items,2021-07-01,142.3,2021-09-15 08:30:00,2021
allitems_canada,Canada,All-items,2021-08-01,142.6,2021-09-15 08:30:00,2021
allitems_canada,Canada,All-items,2021-09-01,142.9,2021-10-20 08:30:00,2021
allitems_canada,Canada,All-items,2021-10-01,143.9,2021-11-17 08:30:00,2021
allitems_canada,Canada,All-items,2021-11-01,144.2,2021-12-15 08:30:00,2021
allitems_canada,Canada,All-items,2021-12-01,144.0,2022-01-19 08:30:00,2021
allitems_canada,Canada,All-items,2022-01-01,145.3,2022-02-16 08:30:00,2022
allitems_canada,Canada,All-items,2022-02-01,146.8,2022-03-16 08:30:00,2022
allitems_canada,Canada,All-items,2022-03-01,148.9,2022-04-20 08:30:00,2022
allitems_canada,Canada,All-items,2022-04-01,149.8,2022-06-22 08:30:00,2022
allitems_canada,Canada,All-items,2022-05-01,151.9,2022-06-22 08:30:00,2022
allitems_canada,Canada,All-items,2022-06-01,152.9,2022-07-20 08:30:00,2022
allitems_canada,Canada,All-items,2022-07-01,153.1,2022-08-16 08:30:00,2022
allitems_canada,Canada,All-items,2022-08-01,152.6,2022-09-20 08:30:00,2022
allitems_canada,Canada,All-items,2022-09-01,152.7,2022-10-19 08:30:00,2022
allitems_canada,Canada,All-items,2022-10-01,153.8,2022-11-16 08:30:00,2022
allitems_canada,Canada,All-items,2022-11-01,154.0,2022-12-21 08:30:00,2022
allitems_canada,Canada,All-items,2022-12-01,153.1,2023-01-17 08:30:00,2022
allitems_canada,Canada,All-items,2023-01-01,153.9,2023-02-21 08:30:00,2023
allitems_canada,Canada,All-items,2023-02-01,154.5,2023-03-21 08:30:00,2023
allitems_canada,Canada,All-items,2023-03-01,155.3,2023-04-18 08:30:00,2023
allitems_canada,Canada,All-items,2023-04-01,156.4,2023-06-27 08:30:00,2023
allitems_canada,Canada,All-items,2023-05-01,157.0,2023-06-27 08:30:00,2023
allitems_canada,Canada,All-items,2023-06-01,157.2,2023-07-18 08:30:00,2023
allitems_canada,Canada,All-items,2023-07-01,158.1,2023-08-15 08:30:00,2023
allitems_canada,Canada,All-items,2023-08-01,158.7,2023-09-19 08:30:00,2023
allitems_canada,Canada,All-items,2023-09-01,158.5,2023-10-17 08:30:00,2023
allitems_canada,Canada,All-items,2023-10-01,158.6,2023-11-21 08:30:00,2023
allitems_canada,Canada,All-items,2023-11-01,158.8,2023-12-19 08:30:00,2023
allitems_canada,Canada,All-items,2023-12-01,158.3,2024-01-16 08:30:00,2023
allitems_canada,Canada,All-items,2024-01-01,158.3,2024-02-20 08:30:00,2024
allitems_canada,Canada,All-items,2024-02-01,158.8,2024-03-19 08:30:00,2024
allitems_canada,Canada,All-items,2024-03-01,159.8,2024-04-16 08:30:00,2024
allitems_canada,Canada,All-items,2024-04-01,160.6,2024-06-25 08:30:00,2024
allitems_canada,Canada,All-items,2024-05-01,161.5,2024-06-25 08:30:00,2024
allitems_canada,Canada,All-items,2024-06-01,161.4,2024-07-16 08:30:00,2024
allitems_canada,Canada,All-items,2024-07-01,162.1,2024-08-20 08:30:00,2024
allitems_canada,Canada,All-items,2024-08-01,161.8,2024-09-17 08:30:00,2024
allitems_canada,Canada,All-items,2024-09-01,161.1,2024-10-15 08:30:00,2024
allitems_canada,Canada,All-items,2024-10-01,161.8,2024-11-19 08:30:00,2024
allitems_canada,Canada,All-items,2024-11-01,161.8,2024-12-17 08:30:00,2024
allitems_canada,Canada,All-items,2024-12-01,161.2,2025-01-21 08:30:00,2024
allitems_canada,Canada,All-items,2025-01-01,161.3,2025-02-18 08:30:00,2025
allitems_canada,Canada,All-items,2025-02-01,163.0,2025-03-18 08:30:00,2025
allitems_canada,Canada,All-items,2025-03-01,163.5,2025-04-15 08:30:00,2025
allitems_canada,Canada,All-items,2025-04-01,163.4,2025-05-20 08:30:00,2025
allitems_canada,Canada,All-items,2025-05-01,164.3,2025-06-24 08:30:00,2025
allitems_canada,Canada,All-items,2025-06-01,164.4,2025-07-15 08:30:00,2025
allitems_canada,Canada,All-items,2025-07-01,164.9,2025-08-19 08:30:00,2025
allitems_canada,Canada,All-items,2025-08-01,164.8,2025-09-16 08:30:00,2025
allitems_canada,Canada,All-items,2025-09-01,164.9,2025-10-21 08:30:00,2025
allitems_canada,Canada,All-items,2025-10-01,165.3,2025-11-17 08:30:00,2025
allitems_canada,Canada,All-items,2025-11-01,165.4,2025-12-15 08:30:00,2025
allitems_canada,Canada,All-items,2025-12-01,165.0,2026-01-19 08:30:00,2025
allitems_canada,Canada,All-items,2026-01-01,165.0,2026-02-17 08:30:00,2026
allitems_canada,Canada,All-items,2026-02-01,165.9,2026-03-16 08:30:00,2026
allitems_canada,Canada,All-items,2026-03-01,167.4,2026-04-20 08:30:00,2026
allitems_canada,Canada,All-items,2026-04-01,168.0,2026-05-19 08:30:00,2026
allitems_canada,Canada,All-items,2026-05-01,169.6,2026-06-22 08:30:00,2026
allitems_canada,Canada,All-items,2026-06-01,169.0,2026-07-20 08:30:00,2026
allitems_canada,Canada,All-items,2026-07-01,169.9,2026-08-17 08:30:00,2026
allitems_canada,Canada,All-items,2026-08-01,169.8,2026-09-14 08:30:00,2026
allitems_montreal,Montreal,All-items,2013-09-01,121.5,2021-07-28 08:30:00,2013
allitems_montreal,Montreal,All-items,2013-10-01,121.4,2021-07-28 08:30:00,2013
allitems_montreal,Montreal,All-items,2013-11-01,121.6,2021-07-28 08:30:00,2013
allitems_montreal,Montreal,All-items,2013-12-01,121.2,2021-07-28 08:30:00,2013
allitems_montreal,Montreal,All-items,2014-01-01,121.5,2021-07-28 08:30:00,2014
allitems_montreal,Montreal,All-items,2014-02-01,122.3,2021-07-28 08:30:00,2014
allitems_montreal,Montreal,All-items,2014-03-01,122.6,2021-07-28 08:30:00,2014
allitems_montreal,Montreal,All-items,2014-04-01,123.2,2021-07-28 08:30:00,2014
allitems_montreal,Montreal,All-items,2014-05-01,123.5,2021-07-28 08:30:00,2014
allitems_montreal,Montreal,All-items,2014-06-01,123.6,2021-07-28 08:30:00,2014
allitems_montreal,Montreal,All-items,2014-07-01,123.5,2021-07-28 08:30:00,2014
allitems_montreal,Montreal,All-items,2014-08-01,123.7,2021-07-28 08:30:00,2014
allitems_montreal,Montreal,All-items,2014-09-01,123.8,2021-07-28 08:30:00,2014
allitems_montreal,Montreal,All-items,2014-10-01,124.1,2021-07-28 08:30:00,2014
allitems_montreal,Montreal,All-items,2014-11-01,123.8,2021-07-28 08:30:00,2014
allitems_montreal,Montreal,All-items,2014-12-01,122.9,2021-07-28 08:30:00,2014
allitems_montreal,Montreal,All-items,2015-01-01,122.9,2021-07-28 08:30:00,2015
allitems_montreal,Montreal,All-items,2015-02-01,124.1,2021-07-28 08:30:00,2015
allitems_montreal,Montreal,All-items,2015-03-01,124.8,2021-07-28 08:30:00,2015
allitems_montreal,Montreal,All-items,2015-04-01,124.9,2021-07-28 08:30:00,2015
allitems_montreal,Montreal,All-items,2015-05-01,125.4,2021-07-28 08:30:00,2015
allitems_montreal,Montreal,All-items,2015-06-01,125.3,2021-07-28 08:30:00,2015
allitems_montreal,Montreal,All-items,2015-07-01,125.3,2021-07-28 08:30:00,2015
allitems_montreal,Montreal,All-items,2015-08-01,125.3,2021-07-28 08:30:00,2015
allitems_montreal,Montreal,All-items,2015-09-01,125.3,2021-07-28 08:30:00,2015
allitems_montreal,Montreal,All-items,2015-10-01,125.6,2021-07-28 08:30:00,2015
allitems_montreal,Montreal,All-items,2015-11-01,125.1,2021-07-28 08:30:00,2015
allitems_montreal,Montreal,All-items,2015-12-01,124.7,2021-07-28 08:30:00,2015
allitems_montreal,Montreal,All-items,2016-01-01,124.8,2021-07-28 08:30:00,2016
allitems_montreal,Montreal,All-items,2016-02-01,125.4,2021-07-28 08:30:00,2016
allitems_montreal,Montreal,All-items,2016-03-01,125.8,2021-07-28 08:30:00,2016
allitems_montreal,Montreal,All-items,2016-04-01,126.2,2021-07-28 08:30:00,2016
allitems_montreal,Montreal,All-items,2016-05-01,126.6,2021-07-28 08:30:00,2016
allitems_montreal,Montreal,All-items,2016-06-01,126.2,2021-07-28 08:30:00,2016
allitems_montreal,Montreal,All-items,2016-07-01,125.9,2021-07-28 08:30:00,2016
allitems_montreal,Montreal,All-items,2016-08-01,125.8,2021-07-28 08:30:00,2016
allitems_montreal,Montreal,All-items,2016-09-01,126.4,2021-07-28 08:30:00,2016
allitems_montreal,Montreal,All-items,2016-10-01,126.3,2021-07-28 08:30:00,2016
allitems_montreal,Montreal,All-items,2016-11-01,125.9,2021-07-28 08:30:00,2016
allitems_montreal,Montreal,All-items,2016-12-01,125.5,2021-07-28 08:30:00,2016
allitems_montreal,Montreal,All-items,2017-01-01,126.2,2021-07-28 08:30:00,2017
allitems_montreal,Montreal,All-items,2017-02-01,126.7,2021-07-28 08:30:00,2017
allitems_montreal,Montreal,All-items,2017-03-01,127.0,2021-07-28 08:30:00,2017
allitems_montreal,Montreal,All-items,2017-04-01,127.4,2021-07-28 08:30:00,2017
allitems_montreal,Montreal,All-items,2017-05-01,127.6,2021-07-28 08:30:00,2017
allitems_montreal,Montreal,All-items,2017-06-01,127.2,2021-07-28 08:30:00,2017
allitems_montreal,Montreal,All-items,2017-07-01,127.3,2021-07-28 08:30:00,2017
allitems_montreal,Montreal,All-items,2017-08-01,127.4,2021-07-28 08:30:00,2017
allitems_montreal,Montreal,All-items,2017-09-01,127.6,2021-07-28 08:30:00,2017
allitems_montreal,Montreal,All-items,2017-10-01,127.7,2021-07-28 08:30:00,2017
allitems_montreal,Montreal,All-items,2017-11-01,128.1,2021-07-28 08:30:00,2017
allitems_montreal,Montreal,All-items,2017-12-01,127.9,2021-07-28 08:30:00,2017
allitems_montreal,Montreal,All-items,2018-01-01,128.2,2021-07-28 08:30:00,2018
allitems_montreal,Montreal,All-items,2018-02-01,128.9,2021-07-28 08:30:00,2018
allitems_montreal,Montreal,All-items,2018-03-01,129.1,2021-07-28 08:30:00,2018
allitems_montreal,Montreal,All-items,2018-04-01,129.4,2021-07-28 08:30:00,2018
allitems_montreal,Montreal,All-items,2018-05-01,129.6,2021-07-28 08:30:00,2018
allitems_montreal,Montreal,All-items,2018-06-01,129.5,2021-07-28 08:30:00,2018
allitems_montreal,Montreal,All-items,2018-07-01,130.1,2021-07-28 08:30:00,2018
allitems_montreal,Montreal,All-items,2018-08-01,130.0,2021-07-28 08:30:00,2018
allitems_montreal,Montreal,All-items,2018-09-01,129.9,2021-07-28 08:30:00,2018
allitems_montreal,Montreal,All-items,2018-10-01,130.0,2021-07-28 08:30:00,2018
allitems_montreal,Montreal,All-items,2018-11-01,129.5,2021-07-28 08:30:00,2018
allitems_montreal,Montreal,All-items,2018-12-01,129.7,2023-06-27 08:30:00,2018
allitems_montreal,Montreal,All-items,2019-01-01,129.8,2021-09-15 08:30:00,2019
allitems_montreal,Montreal,All-items,2019-02-01,130.9,2021-09-15 08:30:00,2019
allitems_montreal,Montreal,All-items,2019-03-01,131.6,2021-09-15 08:30:00,2019
allitems_montreal,Montreal,All-items,2019-04-01,131.9,2021-09-15 08:30:00,2019
allitems_montreal,Montreal,All-items,2019-05-01,132.8,2021-09-15 08:30:00,2019
allitems_montreal,Montreal,All-items,2019-06-01,132.4,2021-09-15 08:30:00,2019
allitems_montreal,Montreal,All-items,2019-07-01,133.2,2021-09-15 08:30:00,2019
allitems_montreal,Montreal,All-items,2019-08-01,133.2,2021-09-15 08:30:00,2019
allitems_montreal,Montreal,All-items,2019-09-01,133.2,2021-09-15 08:30:00,2019
allitems_montreal,Montreal,All-items,2019-10-01,133.5,2021-09-15 08:30:00,2019
allitems_montreal,Montreal,All-items,2019-11-01,133.3,2021-09-15 08:30:00,2019
allitems_montreal,Montreal,All-items,2019-12-01,133.3,2021-09-15 08:30:00,2019
allitems_montreal,Montreal,All-items,2020-01-01,133.3,2021-09-15 08:30:00,2020
allitems_montreal,Montreal,All-items,2020-02-01,133.9,2021-09-15 08:30:00,2020
allitems_montreal,Montreal,All-items,2020-03-01,133.5,2021-09-15 08:30:00,2020
allitems_montreal,Montreal,All-items,2020-04-01,132.9,2021-09-15 08:30:00,2020
allitems_montreal,Montreal,All-items,2020-05-01,132.8,2021-09-15 08:30:00,2020
allitems_montreal,Montreal,All-items,2020-06-01,133.6,2021-09-15 08:30:00,2020
allitems_montreal,Montreal,All-items,2020-07-01,133.6,2021-09-15 08:30:00,2020
allitems_montreal,Montreal,All-items,2020-08-01,133.7,2021-09-15 08:30:00,2020
allitems_montreal,Montreal,All-items,2020-09-01,133.4,2021-09-15 08:30:00,2020
allitems_montreal,Montreal,All-items,2020-10-01,134.3,2021-09-15 08:30:00,2020
allitems_montreal,Montreal,All-items,2020-11-01,134.7,2021-09-15 08:30:00,2020
allitems_montreal,Montreal,All-items,2020-12-01,134.6,2021-09-15 08:30:00,2020
allitems_montreal,Montreal,All-items,2021-01-01,135.3,2021-09-15 08:30:00,2021
allitems_montreal,Montreal,All-items,2021-02-01,136.1,2021-09-15 08:30:00,2021
allitems_montreal,Montreal,All-items,2021-03-01,136.1,2021-09-15 08:30:00,2021
allitems_montreal,Montreal,All-items,2021-04-01,136.8,2021-09-15 08:30:00,2021
allitems_montreal,Montreal,All-items,2021-05-01,138.3,2021-09-15 08:30:00,2021
allitems_montreal,Montreal,All-items,2021-06-01,138.7,2021-09-15 08:30:00,2021
allitems_montreal,Montreal,All-items,2021-07-01,139.2,2021-09-15 08:30:00,2021
allitems_montreal,Montreal,All-items,2021-08-01,139.6,2021-09-15 08:30:00,2021
allitems_montreal,Montreal,All-items,2021-09-01,140.2,2021-10-20 08:30:00,2021
allitems_montreal,Montreal,All-items,2021-10-01,141.1,2021-11-17 08:30:00,2021
allitems_montreal,Montreal,All-items,2021-11-01,141.4,2021-12-15 08:30:00,2021
allitems_montreal,Montreal,All-items,2021-12-01,141.3,2022-01-19 08:30:00,2021
allitems_montreal,Montreal,All-items,2022-01-01,142.1,2022-02-16 08:30:00,2022
allitems_montreal,Montreal,All-items,2022-02-01,143.4,2022-03-16 08:30:00,2022
allitems_montreal,Montreal,All-items,2022-03-01,145.0,2022-04-20 08:30:00,2022
allitems_montreal,Montreal,All-items,2022-04-01,146.0,2022-06-22 08:30:00,2022
allitems_montreal,Montreal,All-items,2022-05-01,147.9,2022-06-22 08:30:00,2022
allitems_montreal,Montreal,All-items,2022-06-01,149.3,2022-07-20 08:30:00,2022
allitems_montreal,Montreal,All-items,2022-07-01,149.3,2022-08-16 08:30:00,2022
allitems_montreal,Montreal,All-items,2022-08-01,149.6,2022-09-20 08:30:00,2022
allitems_montreal,Montreal,All-items,2022-09-01,149.7,2022-10-19 08:30:00,2022
allitems_montreal,Montreal,All-items,2022-10-01,150.6,2022-11-16 08:30:00,2022
allitems_montreal,Montreal,All-items,2022-11-01,151.4,2022-12-21 08:30:00,2022
allitems_montreal,Montreal,All-items,2022-12-01,150.8,2023-01-17 08:30:00,2022
allitems_montreal,Montreal,All-items,2023-01-01,151.5,2023-02-21 08:30:00,2023
allitems_montreal,Montreal,All-items,2023-02-01,152.4,2023-03-21 08:30:00,2023
allitems_montreal,Montreal,All-items,2023-03-01,152.9,2023-04-18 08:30:00,2023
allitems_montreal,Montreal,All-items,2023-04-01,154.4,2023-06-27 08:30:00,2023
allitems_montreal,Montreal,All-items,2023-05-01,155.5,2023-06-27 08:30:00,2023
allitems_montreal,Montreal,All-items,2023-06-01,156.2,2023-07-18 08:30:00,2023
allitems_montreal,Montreal,All-items,2023-07-01,156.4,2023-08-15 08:30:00,2023
allitems_montreal,Montreal,All-items,2023-08-01,157.4,2023-09-19 08:30:00,2023
allitems_montreal,Montreal,All-items,2023-09-01,157.2,2023-10-17 08:30:00,2023
allitems_montreal,Montreal,All-items,2023-10-01,157.5,2023-11-21 08:30:00,2023
allitems_montreal,Montreal,All-items,2023-11-01,157.6,2023-12-19 08:30:00,2023
allitems_montreal,Montreal,All-items,2023-12-01,157.2,2024-01-16 08:30:00,2023
allitems_montreal,Montreal,All-items,2024-01-01,156.8,2024-02-20 08:30:00,2024
allitems_montreal,Montreal,All-items,2024-02-01,157.6,2024-03-19 08:30:00,2024
allitems_montreal,Montreal,All-items,2024-03-01,159.2,2024-04-16 08:30:00,2024
allitems_montreal,Montreal,All-items,2024-04-01,159.2,2024-06-25 08:30:00,2024
allitems_montreal,Montreal,All-items,2024-05-01,160.5,2024-06-25 08:30:00,2024
allitems_montreal,Montreal,All-items,2024-06-01,160.1,2024-07-16 08:30:00,2024
allitems_montreal,Montreal,All-items,2024-07-01,160.4,2024-08-20 08:30:00,2024
allitems_montreal,Montreal,All-items,2024-08-01,160.3,2024-09-17 08:30:00,2024
allitems_montreal,Montreal,All-items,2024-09-01,160.1,2024-10-15 08:30:00,2024
allitems_montreal,Montreal,All-items,2024-10-01,160.7,2024-11-19 08:30:00,2024
allitems_montreal,Montreal,All-items,2024-11-01,160.6,2024-12-17 08:30:00,2024
allitems_montreal,Montreal,All-items,2024-12-01,160.4,2025-01-21 08:30:00,2024
allitems_montreal,Montreal,All-items,2025-01-01,160.2,2025-02-18 08:30:00,2025
allitems_montreal,Montreal,All-items,2025-02-01,161.3,2025-03-18 08:30:00,2025
allitems_montreal,Montreal,All-items,2025-03-01,162.5,2025-04-15 08:30:00,2025
allitems_montreal,Montreal,All-items,2025-04-01,163.2,2025-05-20 08:30:00,2025
allitems_montreal,Montreal,All-items,2025-05-01,163.7,2025-06-24 08:30:00,2025
allitems_montreal,Montreal,All-items,2025-06-01,163.8,2025-07-15 08:30:00,2025
allitems_montreal,Montreal,All-items,2025-07-01,164.4,2025-08-19 08:30:00,2025
allitems_montreal,Montreal,All-items,2025-08-01,164.8,2025-09-16 08:30:00,2025
allitems_montreal,Montreal,All-items,2025-09-01,165.6,2025-10-21 08:30:00,2025
allitems_montreal,Montreal,All-items,2025-10-01,166.0,2025-11-17 08:30:00,2025
allitems_montreal,Montreal,All-items,2025-11-01,165.5,2025-12-15 08:30:00,2025
allitems_montreal,Montreal,All-items,2025-12-01,165.7,2026-01-19 08:30:00,2025
allitems_montreal,Montreal,All-items,2026-01-01,165.3,2026-02-17 08:30:00,2026
allitems_montreal,Montreal,All-items,2026-02-01,166.1,2026-03-16 08:30:00,2026
allitems_montreal,Montreal,All-items,2026-03-01,167.0,2026-04-20 08:30:00,2026
allitems_montreal,Montreal,All-items,2026-04-01,167.8,2026-05-19 08:30:00,2026
allitems_montreal,Montreal,All-items,2026-05-01,169.3,2026-06-22 08:30:00,2026
allitems_montreal,Montreal,All-items,2026-06-01,168.9,2026-07-20 08:30:00,2026
allitems_montreal,Montreal,All-items,2026-07-01,169.9,2026-08-17 08:30:00,2026
allitems_montreal,Montreal,All-items,2026-08-01,169.8,2026-09-14 08:30:00,2026
allitems_ontario,Ontario,All-items,2013-09-01,123.5,2021-07-28 08:30:00,2013
allitems_ontario,Ontario,All-items,2013-10-01,123.3,2021-07-28 08:30:00,2013
allitems_ontario,Ontario,All-items,2013-11-01,123.3,2021-07-28 08:30:00,2013
allitems_ontario,Ontario,All-items,2013-12-01,123.1,2021-07-28 08:30:00,2013
allitems_ontario,Ontario,All-items,2014-01-01,123.3,2021-07-28 08:30:00,2014
allitems_ontario,Ontario,All-items,2014-02-01,124.6,2021-07-28 08:30:00,2014
allitems_ontario,Ontario,All-items,2014-03-01,125.1,2021-07-28 08:30:00,2014
allitems_ontario,Ontario,All-items,2014-04-01,125.9,2021-07-28 08:30:00,2014
allitems_ontario,Ontario,All-items,2014-05-01,126.5,2021-07-28 08:30:00,2014
allitems_ontario,Ontario,All-items,2014-06-01,126.9,2021-07-28 08:30:00,2014
allitems_ontario,Ontario,All-items,2014-07-01,126.5,2021-07-28 08:30:00,2014
allitems_ontario,Ontario,All-items,2014-08-01,126.5,2021-07-28 08:30:00,2014
allitems_ontario,Ontario,All-items,2014-09-01,126.7,2021-07-28 08:30:00,2014
allitems_ontario,Ontario,All-items,2014-10-01,126.8,2021-07-28 08:30:00,2014
allitems_ontario,Ontario,All-items,2014-11-01,126.3,2021-07-28 08:30:00,2014
allitems_ontario,Ontario,All-items,2014-12-01,125.4,2021-07-28 08:30:00,2014
allitems_ontario,Ontario,All-items,2015-01-01,125.3,2021-07-28 08:30:00,2015
allitems_ontario,Ontario,All-items,2015-02-01,126.2,2021-07-28 08:30:00,2015
allitems_ontario,Ontario,All-items,2015-03-01,127.1,2021-07-28 08:30:00,2015
allitems_ontario,Ontario,All-items,2015-04-01,126.9,2021-07-28 08:30:00,2015
allitems_ontario,Ontario,All-items,2015-05-01,127.7,2021-07-28 08:30:00,2015
allitems_ontario,Ontario,All-items,2015-06-01,128.2,2021-07-28 08:30:00,2015
allitems_ontario,Ontario,All-items,2015-07-01,128.4,2021-07-28 08:30:00,2015
allitems_ontario,Ontario,All-items,2015-08-01,128.0,2021-07-28 08:30:00,2015
allitems_ontario,Ontario,All-items,2015-09-01,127.8,2021-07-28 08:30:00,2015
allitems_ontario,Ontario,All-items,2015-10-01,127.9,2021-07-28 08:30:00,2015
allitems_ontario,Ontario,All-items,2015-11-01,127.9,2021-07-28 08:30:00,2015
allitems_ontario,Ontario,All-items,2015-12-01,127.5,2021-07-28 08:30:00,2015
allitems_ontario,Ontario,All-items,2016-01-01,127.8,2021-07-28 08:30:00,2016
allitems_ontario,Ontario,All-items,2016-02-01,128.2,2021-07-28 08:30:00,2016
allitems_ontario,Ontario,All-items,2016-03-01,129.0,2021-07-28 08:30:00,2016
allitems_ontario,Ontario,All-items,2016-04-01,129.6,2021-07-28 08:30:00,2016
allitems_ontario,Ontario,All-items,2016-05-01,130.1,2021-07-28 08:30:00,2016
allitems_ontario,Ontario,All-items,2016-06-01,130.4,2021-07-28 08:30:00,2016
allitems_ontario,Ontario,All-items,2016-07-01,130.3,2021-07-28 08:30:00,2016
allitems_ontario,Ontario,All-items,2016-08-01,129.9,2021-07-28 08:30:00,2016
allitems_ontario,Ontario,All-items,2016-09-01,130.1,2021-07-28 08:30:00,2016
allitems_ontario,Ontario,All-items,2016-10-01,130.6,2021-07-28 08:30:00,2016
allitems_ontario,Ontario,All-items,2016-11-01,130.2,2021-07-28 08:30:00,2016
allitems_ontario,Ontario,All-items,2016-12-01,130.0,2021-07-28 08:30:00,2016
allitems_ontario,Ontario,All-items,2017-01-01,130.8,2021-07-28 08:30:00,2017
allitems_ontario,Ontario,All-items,2017-02-01,131.2,2021-07-28 08:30:00,2017
allitems_ontario,Ontario,All-items,2017-03-01,131.4,2021-07-28 08:30:00,2017
allitems_ontario,Ontario,All-items,2017-04-01,132.0,2021-07-28 08:30:00,2017
allitems_ontario,Ontario,All-items,2017-05-01,131.9,2021-07-28 08:30:00,2017
allitems_ontario,Ontario,All-items,2017-06-01,132.1,2021-07-28 08:30:00,2017
allitems_ontario,Ontario,All-items,2017-07-01,131.9,2021-07-28 08:30:00,2017
allitems_ontario,Ontario,All-items,2017-08-01,131.8,2021-07-28 08:30:00,2017
allitems_ontario,Ontario,All-items,2017-09-01,132.3,2021-07-28 08:30:00,2017
allitems_ontario,Ontario,All-items,2017-10-01,132.3,2021-07-28 08:30:00,2017
allitems_ontario,Ontario,All-items,2017-11-01,132.7,2021-07-28 08:30:00,2017
allitems_ontario,Ontario,All-items,2017-12-01,132.0,2021-07-28 08:30:00,2017
allitems_ontario,Ontario,All-items,2018-01-01,133.2,2021-07-28 08:30:00,2018
allitems_ontario,Ontario,All-items,2018-02-01,134.0,2021-07-28 08:30:00,2018
allitems_ontario,Ontario,All-items,2018-03-01,134.6,2021-07-28 08:30:00,2018
allitems_ontario,Ontario,All-items,2018-04-01,134.8,2021-07-28 08:30:00,2018
allitems_ontario,Ontario,All-items,2018-05-01,134.9,2021-07-28 08:30:00,2018
allitems_ontario,Ontario,All-items,2018-06-01,135.3,2021-07-28 08:30:00,2018
allitems_ontario,Ontario,All-items,2018-07-01,136.0,2021-07-28 08:30:00,2018
allitems_ontario,Ontario,All-items,2018-08-01,135.9,2021-07-28 08:30:00,2018
allitems_ontario,Ontario,All-items,2018-09-01,135.2,2021-07-28 08:30:00,2018
allitems_ontario,Ontario,All-items,2018-10-01,135.6,2021-07-28 08:30:00,2018
allitems_ontario,Ontario,All-items,2018-11-01,135.1,2021-07-28 08:30:00,2018
allitems_ontario,Ontario,All-items,2018-12-01,135.0,2023-06-27 08:30:00,2018
allitems_ontario,Ontario,All-items,2019-01-01,135.2,2021-09-15 08:30:00,2019
allitems_ontario,Ontario,All-items,2019-02-01,136.0,2021-09-15 08:30:00,2019
allitems_ontario,Ontario,All-items,2019-03-01,137.0,2021-09-15 08:30:00,2019
allitems_ontario,Ontario,All-items,2019-04-01,137.4,2021-09-15 08:30:00,2019
allitems_ontario,Ontario,All-items,2019-05-01,138.1,2021-09-15 08:30:00,2019
allitems_ontario,Ontario,All-items,2019-06-01,138.0,2021-09-15 08:30:00,2019
allitems_ontario,Ontario,All-items,2019-07-01,138.8,2021-09-15 08:30:00,2019
allitems_ontario,Ontario,All-items,2019-08-01,138.5,2021-09-15 08:30:00,2019
allitems_ontario,Ontario,All-items,2019-09-01,137.5,2021-09-15 08:30:00,2019
allitems_ontario,Ontario,All-items,2019-10-01,137.9,2021-09-15 08:30:00,2019
allitems_ontario,Ontario,All-items,2019-11-01,137.7,2021-09-15 08:30:00,2019
allitems_ontario,Ontario,All-items,2019-12-01,137.8,2021-09-15 08:30:00,2019
allitems_ontario,Ontario,All-items,2020-01-01,138.0,2021-09-15 08:30:00,2020
allitems_ontario,Ontario,All-items,2020-02-01,138.7,2021-09-15 08:30:00,2020
allitems_ontario,Ontario,All-items,2020-03-01,137.9,2021-09-15 08:30:00,2020
allitems_ontario,Ontario,All-items,2020-04-01,137.3,2021-09-15 08:30:00,2020
allitems_ontario,Ontario,All-items,2020-05-01,137.5,2021-09-15 08:30:00,2020
allitems_ontario,Ontario,All-items,2020-06-01,138.6,2021-09-15 08:30:00,2020
allitems_ontario,Ontario,All-items,2020-07-01,138.8,2021-09-15 08:30:00,2020
allitems_ontario,Ontario,All-items,2020-08-01,138.6,2021-09-15 08:30:00,2020
allitems_ontario,Ontario,All-items,2020-09-01,138.3,2021-09-15 08:30:00,2020
allitems_ontario,Ontario,All-items,2020-10-01,138.9,2021-09-15 08:30:00,2020
allitems_ontario,Ontario,All-items,2020-11-01,139.0,2021-09-15 08:30:00,2020
allitems_ontario,Ontario,All-items,2020-12-01,138.8,2021-09-15 08:30:00,2020
allitems_ontario,Ontario,All-items,2021-01-01,139.5,2021-09-15 08:30:00,2021
allitems_ontario,Ontario,All-items,2021-02-01,140.2,2021-09-15 08:30:00,2021
allitems_ontario,Ontario,All-items,2021-03-01,141.0,2021-09-15 08:30:00,2021
allitems_ontario,Ontario,All-items,2021-04-01,141.8,2021-09-15 08:30:00,2021
allitems_ontario,Ontario,All-items,2021-05-01,142.6,2021-09-15 08:30:00,2021
allitems_ontario,Ontario,All-items,2021-06-01,143.1,2021-09-15 08:30:00,2021
allitems_ontario,Ontario,All-items,2021-07-01,143.7,2021-09-15 08:30:00,2021
allitems_ontario,Ontario,All-items,2021-08-01,144.1,2021-09-15 08:30:00,2021
allitems_ontario,Ontario,All-items,2021-09-01,144.4,2021-10-20 08:30:00,2021
allitems_ontario,Ontario,All-items,2021-10-01,145.7,2021-11-17 08:30:00,2021
allitems_ontario,Ontario,All-items,2021-11-01,146.0,2021-12-15 08:30:00,2021
allitems_ontario,Ontario,All-items,2021-12-01,146.0,2022-01-19 08:30:00,2021
allitems_ontario,Ontario,All-items,2022-01-01,147.4,2022-02-16 08:30:00,2022
allitems_ontario,Ontario,All-items,2022-02-01,148.8,2022-03-16 08:30:00,2022
allitems_ontario,Ontario,All-items,2022-03-01,150.8,2022-04-20 08:30:00,2022
allitems_ontario,Ontario,All-items,2022-04-01,151.6,2022-06-22 08:30:00,2022
allitems_ontario,Ontario,All-items,2022-05-01,153.7,2022-06-22 08:30:00,2022
allitems_ontario,Ontario,All-items,2022-06-01,154.4,2022-07-20 08:30:00,2022
allitems_ontario,Ontario,All-items,2022-07-01,154.6,2022-08-16 08:30:00,2022
allitems_ontario,Ontario,All-items,2022-08-01,154.1,2022-09-20 08:30:00,2022
allitems_ontario,Ontario,All-items,2022-09-01,154.1,2022-10-19 08:30:00,2022
allitems_ontario,Ontario,All-items,2022-10-01,155.2,2022-11-16 08:30:00,2022
allitems_ontario,Ontario,All-items,2022-11-01,155.4,2022-12-21 08:30:00,2022
allitems_ontario,Ontario,All-items,2022-12-01,154.8,2023-01-17 08:30:00,2022
allitems_ontario,Ontario,All-items,2023-01-01,155.7,2023-02-21 08:30:00,2023
allitems_ontario,Ontario,All-items,2023-02-01,156.4,2023-03-21 08:30:00,2023
allitems_ontario,Ontario,All-items,2023-03-01,157.3,2023-04-18 08:30:00,2023
allitems_ontario,Ontario,All-items,2023-04-01,157.9,2023-06-27 08:30:00,2023
allitems_ontario,Ontario,All-items,2023-05-01,158.5,2023-06-27 08:30:00,2023
allitems_ontario,Ontario,All-items,2023-06-01,158.4,2023-07-18 08:30:00,2023
allitems_ontario,Ontario,All-items,2023-07-01,159.6,2023-08-15 08:30:00,2023
allitems_ontario,Ontario,All-items,2023-08-01,159.9,2023-09-19 08:30:00,2023
allitems_ontario,Ontario,All-items,2023-09-01,159.7,2023-10-17 08:30:00,2023
allitems_ontario,Ontario,All-items,2023-10-01,160.3,2023-11-21 08:30:00,2023
allitems_ontario,Ontario,All-items,2023-11-01,160.6,2023-12-19 08:30:00,2023
allitems_ontario,Ontario,All-items,2023-12-01,160.0,2024-01-16 08:30:00,2023
allitems_ontario,Ontario,All-items,2024-01-01,159.9,2024-02-20 08:30:00,2024
allitems_ontario,Ontario,All-items,2024-02-01,160.2,2024-03-19 08:30:00,2024
allitems_ontario,Ontario,All-items,2024-03-01,161.4,2024-04-16 08:30:00,2024
allitems_ontario,Ontario,All-items,2024-04-01,162.2,2024-06-25 08:30:00,2024
allitems_ontario,Ontario,All-items,2024-05-01,163.2,2024-06-25 08:30:00,2024
allitems_ontario,Ontario,All-items,2024-06-01,163.1,2024-07-16 08:30:00,2024
allitems_ontario,Ontario,All-items,2024-07-01,163.9,2024-08-20 08:30:00,2024
allitems_ontario,Ontario,All-items,2024-08-01,163.3,2024-09-17 08:30:00,2024
allitems_ontario,Ontario,All-items,2024-09-01,162.8,2024-10-15 08:30:00,2024
allitems_ontario,Ontario,All-items,2024-10-01,163.5,2024-11-19 08:30:00,2024
allitems_ontario,Ontario,All-items,2024-11-01,163.5,2024-12-17 08:30:00,2024
allitems_ontario,Ontario,All-items,2024-12-01,162.7,2025-01-21 08:30:00,2024
allitems_ontario,Ontario,All-items,2025-01-01,162.6,2025-02-18 08:30:00,2025
allitems_ontario,Ontario,All-items,2025-02-01,164.6,2025-03-18 08:30:00,2025
allitems_ontario,Ontario,All-items,2025-03-01,165.1,2025-04-15 08:30:00,2025
allitems_ontario,Ontario,All-items,2025-04-01,164.8,2025-05-20 08:30:00,2025
allitems_ontario,Ontario,All-items,2025-05-01,165.9,2025-06-24 08:30:00,2025
allitems_ontario,Ontario,All-items,2025-06-01,166.0,2025-07-15 08:30:00,2025
allitems_ontario,Ontario,All-items,2025-07-01,166.5,2025-08-19 08:30:00,2025
allitems_ontario,Ontario,All-items,2025-08-01,166.0,2025-09-16 08:30:00,2025
allitems_ontario,Ontario,All-items,2025-09-01,166.1,2025-10-21 08:30:00,2025
allitems_ontario,Ontario,All-items,2025-10-01,166.4,2025-11-17 08:30:00,2025
allitems_ontario,Ontario,All-items,2025-11-01,166.6,2025-12-15 08:30:00,2025
allitems_ontario,Ontario,All-items,2025-12-01,166.1,2026-01-19 08:30:00,2025
allitems_ontario,Ontario,All-items,2026-01-01,165.9,2026-02-17 08:30:00,2026
allitems_ontario,Ontario,All-items,2026-02-01,166.7,2026-03-16 08:30:00,2026
allitems_ontario,Ontario,All-items,2026-03-01,168.2,2026-04-20 08:30:00,2026
allitems_ontario,Ontario,All-items,2026-04-01,168.8,2026-05-19 08:30:00,2026
allitems_ontario,Ontario,All-items,2026-05-01,170.2,2026-06-22 08:30:00,2026
allitems_ontario,Ontario,All-items,2026-06-01,169.3,2026-07-20 08:30:00,2026
allitems_ontario,Ontario,All-items,2026-07-01,169.9,2026-08-17 08:30:00,2026
allitems_ontario,Ontario,All-items,2026-08-01,170.0,2026-09-14 08:30:00,2026
allitems_ottawa,Ottawa,All-items,2013-09-01,123.3,2021-07-28 08:30:00,2013
allitems_ottawa,Ottawa,All-items,2013-10-01,123.1,2021-07-28 08:30:00,2013
allitems_ottawa,Ottawa,All-items,2013-11-01,123.0,2021-07-28 08:30:00,2013
allitems_ottawa,Ottawa,All-items,2013-12-01,122.8,2021-07-28 08:30:00,2013
allitems_ottawa,Ottawa,All-items,2014-01-01,123.0,2021-07-28 08:30:00,2014
allitems_ottawa,Ottawa,All-items,2014-02-01,124.2,2021-07-28 08:30:00,2014
allitems_ottawa,Ottawa,All-items,2014-03-01,124.7,2021-07-28 08:30:00,2014
allitems_ottawa,Ottawa,All-items,2014-04-01,125.3,2021-07-28 08:30:00,2014
allitems_ottawa,Ottawa,All-items,2014-05-01,125.9,2021-07-28 08:30:00,2014
allitems_ottawa,Ottawa,All-items,2014-06-01,126.3,2021-07-28 08:30:00,2014
allitems_ottawa,Ottawa,All-items,2014-07-01,125.9,2021-07-28 08:30:00,2014
allitems_ottawa,Ottawa,All-items,2014-08-01,125.9,2021-07-28 08:30:00,2014
allitems_ottawa,Ottawa,All-items,2014-09-01,126.1,2021-07-28 08:30:00,2014
allitems_ottawa,Ottawa,All-items,2014-10-01,126.1,2021-07-28 08:30:00,2014
allitems_ottawa,Ottawa,All-items,2014-11-01,125.5,2021-07-28 08:30:00,2014
allitems_ottawa,Ottawa,All-items,2014-12-01,124.7,2021-07-28 08:30:00,2014
allitems_ottawa,Ottawa,All-items,2015-01-01,124.5,2021-07-28 08:30:00,2015
allitems_ottawa,Ottawa,All-items,2015-02-01,125.4,2021-07-28 08:30:00,2015
allitems_ottawa,Ottawa,All-items,2015-03-01,126.2,2021-07-28 08:30:00,2015
allitems_ottawa,Ottawa,All-items,2015-04-01,126.0,2021-07-28 08:30:00,2015
allitems_ottawa,Ottawa,All-items,2015-05-01,126.9,2021-07-28 08:30:00,2015
allitems_ottawa,Ottawa,All-items,2015-06-01,127.4,2021-07-28 08:30:00,2015
allitems_ottawa,Ottawa,All-items,2015-07-01,127.6,2021-07-28 08:30:00,2015
allitems_ottawa,Ottawa,All-items,2015-08-01,127.1,2021-07-28 08:30:00,2015
allitems_ottawa,Ottawa,All-items,2015-09-01,126.8,2021-07-28 08:30:00,2015
allitems_ottawa,Ottawa,All-items,2015-10-01,126.8,2021-07-28 08:30:00,2015
allitems_ottawa,Ottawa,All-items,2015-11-01,126.8,2021-07-28 08:30:00,2015
allitems_ottawa,Ottawa,All-items,2015-12-01,126.3,2021-07-28 08:30:00,2015
allitems_ottawa,Ottawa,All-items,2016-01-01,126.5,2021-07-28 08:30:00,2016
allitems_ottawa,Ottawa,All-items,2016-02-01,126.8,2021-07-28 08:30:00,2016
allitems_ottawa,Ottawa,All-items,2016-03-01,127.5,2021-07-28 08:30:00,2016
allitems_ottawa,Ottawa,All-items,2016-04-01,128.1,2021-07-28 08:30:00,2016
allitems_ottawa,Ottawa,All-items,2016-05-01,128.7,2021-07-28 08:30:00,2016
allitems_ottawa,Ottawa,All-items,2016-06-01,128.8,2021-07-28 08:30:00,2016
allitems_ottawa,Ottawa,All-items,2016-07-01,128.7,2021-07-28 08:30:00,2016
allitems_ottawa,Ottawa,All-items,2016-08-01,128.2,2021-07-28 08:30:00,2016
allitems_ottawa,Ottawa,All-items,2016-09-01,128.4,2021-07-28 08:30:00,2016
allitems_ottawa,Ottawa,All-items,2016-10-01,128.8,2021-07-28 08:30:00,2016
allitems_ottawa,Ottawa,All-items,2016-11-01,128.3,2021-07-28 08:30:00,2016
allitems_ottawa,Ottawa,All-items,2016-12-01,128.1,2021-07-28 08:30:00,2016
allitems_ottawa,Ottawa,All-items,2017-01-01,128.9,2021-07-28 08:30:00,2017
allitems_ottawa,Ottawa,All-items,2017-02-01,129.3,2021-07-28 08:30:00,2017
allitems_ottawa,Ottawa,All-items,2017-03-01,129.5,2021-07-28 08:30:00,2017
allitems_ottawa,Ottawa,All-items,2017-04-01,130.2,2021-07-28 08:30:00,2017
allitems_ottawa,Ottawa,All-items,2017-05-01,130.0,2021-07-28 08:30:00,2017
allitems_ottawa,Ottawa,All-items,2017-06-01,130.1,2021-07-28 08:30:00,2017
allitems_ottawa,Ottawa,All-items,2017-07-01,130.0,2021-07-28 08:30:00,2017
allitems_ottawa,Ottawa,All-items,2017-08-01,129.9,2021-07-28 08:30:00,2017
allitems_ottawa,Ottawa,All-items,2017-09-01,130.3,2021-07-28 08:30:00,2017
allitems_ottawa,Ottawa,All-items,2017-10-01,130.3,2021-07-28 08:30:00,2017
allitems_ottawa,Ottawa,All-items,2017-11-01,130.7,2021-07-28 08:30:00,2017
allitems_ottawa,Ottawa,All-items,2017-12-01,130.1,2021-07-28 08:30:00,2017
allitems_ottawa,Ottawa,All-items,2018-01-01,131.3,2021-07-28 08:30:00,2018
allitems_ottawa,Ottawa,All-items,2018-02-01,132.1,2021-07-28 08:30:00,2018
allitems_ottawa,Ottawa,All-items,2018-03-01,132.7,2021-07-28 08:30:00,2018
allitems_ottawa,Ottawa,All-items,2018-04-01,133.0,2021-07-28 08:30:00,2018
allitems_ottawa,Ottawa,All-items,2018-05-01,133.0,2021-07-28 08:30:00,2018
allitems_ottawa,Ottawa,All-items,2018-06-01,133.4,2021-07-28 08:30:00,2018
allitems_ottawa,Ottawa,All-items,2018-07-01,134.2,2021-07-28 08:30:00,2018
allitems_ottawa,Ottawa,All-items,2018-08-01,134.1,2021-07-28 08:30:00,2018
allitems_ottawa,Ottawa,All-items,2018-09-01,133.4,2021-07-28 08:30:00,2018
allitems_ottawa,Ottawa,All-items,2018-10-01,133.8,2021-07-28 08:30:00,2018
allitems_ottawa,Ottawa,All-items,2018-11-01,133.4,2021-07-28 08:30:00,2018
allitems_ottawa,Ottawa,All-items,2018-12-01,133.4,2023-06-27 08:30:00,2018
allitems_ottawa,Ottawa,All-items,2019-01-01,133.5,2021-09-15 08:30:00,2019
allitems_ottawa,Ottawa,All-items,2019-02-01,134.3,2021-09-15 08:30:00,2019
allitems_ottawa,Ottawa,All-items,2019-03-01,135.0,2021-09-15 08:30:00,2019
allitems_ottawa,Ottawa,All-items,2019-04-01,135.2,2021-09-15 08:30:00,2019
allitems_ottawa,Ottawa,All-items,2019-05-01,136.1,2021-09-15 08:30:00,2019
allitems_ottawa,Ottawa,All-items,2019-06-01,136.0,2021-09-15 08:30:00,2019
allitems_ottawa,Ottawa,All-items,2019-07-01,137.0,2021-09-15 08:30:00,2019
allitems_ottawa,Ottawa,All-items,2019-08-01,136.9,2021-09-15 08:30:00,2019
allitems_ottawa,Ottawa,All-items,2019-09-01,136.2,2021-09-15 08:30:00,2019
allitems_ottawa,Ottawa,All-items,2019-10-01,136.5,2021-09-15 08:30:00,2019
allitems_ottawa,Ottawa,All-items,2019-11-01,136.7,2021-09-15 08:30:00,2019
allitems_ottawa,Ottawa,All-items,2019-12-01,137.0,2021-09-15 08:30:00,2019
allitems_ottawa,Ottawa,All-items,2020-01-01,137.0,2021-09-15 08:30:00,2020
allitems_ottawa,Ottawa,All-items,2020-02-01,137.7,2021-09-15 08:30:00,2020
allitems_ottawa,Ottawa,All-items,2020-03-01,136.9,2021-09-15 08:30:00,2020
allitems_ottawa,Ottawa,All-items,2020-04-01,136.3,2021-09-15 08:30:00,2020
allitems_ottawa,Ottawa,All-items,2020-05-01,136.5,2021-09-15 08:30:00,2020
allitems_ottawa,Ottawa,All-items,2020-06-01,137.6,2021-09-15 08:30:00,2020
allitems_ottawa,Ottawa,All-items,2020-07-01,138.2,2021-09-15 08:30:00,2020
allitems_ottawa,Ottawa,All-items,2020-08-01,138.1,2021-09-15 08:30:00,2020
allitems_ottawa,Ottawa,All-items,2020-09-01,137.9,2021-09-15 08:30:00,2020
allitems_ottawa,Ottawa,All-items,2020-10-01,138.8,2021-09-15 08:30:00,2020
allitems_ottawa,Ottawa,All-items,2020-11-01,139.1,2021-09-15 08:30:00,2020
allitems_ottawa,Ottawa,All-items,2020-12-01,138.9,2021-09-15 08:30:00,2020
allitems_ottawa,Ottawa,All-items,2021-01-01,139.5,2021-09-15 08:30:00,2021
allitems_ottawa,Ottawa,All-items,2021-02-01,140.2,2021-09-15 08:30:00,2021
allitems_ottawa,Ottawa,All-items,2021-03-01,140.6,2021-09-15 08:30:00,2021
allitems_ottawa,Ottawa,All-items,2021-04-01,141.9,2021-09-15 08:30:00,2021
allitems_ottawa,Ottawa,All-items,2021-05-01,142.9,2021-09-15 08:30:00,2021
allitems_ottawa,Ottawa,All-items,2021-06-01,143.3,2021-09-15 08:30:00,2021
allitems_ottawa,Ottawa,All-items,2021-07-01,144.6,2021-09-15 08:30:00,2021
allitems_ottawa,Ottawa,All-items,2021-08-01,144.7,2021-09-15 08:30:00,2021
allitems_ottawa,Ottawa,All-items,2021-09-01,145.2,2021-10-20 08:30:00,2021
allitems_ottawa,Ottawa,All-items,2021-10-01,146.5,2021-11-17 08:30:00,2021
allitems_ottawa,Ottawa,All-items,2021-11-01,146.8,2021-12-15 08:30:00,2021
allitems_ottawa,Ottawa,All-items,2021-12-01,146.4,2022-01-19 08:30:00,2021
allitems_ottawa,Ottawa,All-items,2022-01-01,147.8,2022-02-16 08:30:00,2022
allitems_ottawa,Ottawa,All-items,2022-02-01,149.0,2022-03-16 08:30:00,2022
allitems_ottawa,Ottawa,All-items,2022-03-01,151.1,2022-04-20 08:30:00,2022
allitems_ottawa,Ottawa,All-items,2022-04-01,151.6,2022-06-22 08:30:00,2022
allitems_ottawa,Ottawa,All-items,2022-05-01,153.8,2022-06-22 08:30:00,2022
allitems_ottawa,Ottawa,All-items,2022-06-01,154.3,2022-07-20 08:30:00,2022
allitems_ottawa,Ottawa,All-items,2022-07-01,155.3,2022-08-16 08:30:00,2022
allitems_ottawa,Ottawa,All-items,2022-08-01,155.2,2022-09-20 08:30:00,2022
allitems_ottawa,Ottawa,All-items,2022-09-01,155.1,2022-10-19 08:30:00,2022
allitems_ottawa,Ottawa,All-items,2022-10-01,156.3,2022-11-16 08:30:00,2022
allitems_ottawa,Ottawa,All-items,2022-11-01,156.4,2022-12-21 08:30:00,2022
allitems_ottawa,Ottawa,All-items,2022-12-01,155.7,2023-01-17 08:30:00,2022
allitems_ottawa,Ottawa,All-items,2023-01-01,156.7,2023-02-21 08:30:00,2023
allitems_ottawa,Ottawa,All-items,2023-02-01,157.1,2023-03-21 08:30:00,2023
allitems_ottawa,Ottawa,All-items,2023-03-01,158.3,2023-04-18 08:30:00,2023
allitems_ottawa,Ottawa,All-items,2023-04-01,158.7,2023-06-27 08:30:00,2023
allitems_ottawa,Ottawa,All-items,2023-05-01,159.2,2023-06-27 08:30:00,2023
allitems_ottawa,Ottawa,All-items,2023-06-01,159.2,2023-07-18 08:30:00,2023
allitems_ottawa,Ottawa,All-items,2023-07-01,160.4,2023-08-15 08:30:00,2023
allitems_ottawa,Ottawa,All-items,2023-08-01,160.2,2023-09-19 08:30:00,2023
allitems_ottawa,Ottawa,All-items,2023-09-01,159.6,2023-10-17 08:30:00,2023
allitems_ottawa,Ottawa,All-items,2023-10-01,160.3,2023-11-21 08:30:00,2023
allitems_ottawa,Ottawa,All-items,2023-11-01,160.9,2023-12-19 08:30:00,2023
allitems_ottawa,Ottawa,All-items,2023-12-01,159.8,2024-01-16 08:30:00,2023
allitems_ottawa,Ottawa,All-items,2024-01-01,159.8,2024-02-20 08:30:00,2024
allitems_ottawa,Ottawa,All-items,2024-02-01,160.0,2024-03-19 08:30:00,2024
allitems_ottawa,Ottawa,All-items,2024-03-01,161.7,2024-04-16 08:30:00,2024
allitems_ottawa,Ottawa,All-items,2024-04-01,162.6,2024-06-25 08:30:00,2024
allitems_ottawa,Ottawa,All-items,2024-05-01,163.5,2024-06-25 08:30:00,2024
allitems_ottawa,Ottawa,All-items,2024-06-01,163.5,2024-07-16 08:30:00,2024
allitems_ottawa,Ottawa,All-items,2024-07-01,164.3,2024-08-20 08:30:00,2024
allitems_ottawa,Ottawa,All-items,2024-08-01,164.0,2024-09-17 08:30:00,2024
allitems_ottawa,Ottawa,All-items,2024-09-01,163.5,2024-10-15 08:30:00,2024
allitems_ottawa,Ottawa,All-items,2024-10-01,163.7,2024-11-19 08:30:00,2024
allitems_ottawa,Ottawa,All-items,2024-11-01,164.0,2024-12-17 08:30:00,2024
allitems_ottawa,Ottawa,All-items,2024-12-01,162.7,2025-01-21 08:30:00,2024
allitems_ottawa,Ottawa,All-items,2025-01-01,163.1,2025-02-18 08:30:00,2025
allitems_ottawa,Ottawa,All-items,2025-02-01,165.0,2025-03-18 08:30:00,2025
allitems_ottawa,Ottawa,All-items,2025-03-01,166.0,2025-04-15 08:30:00,2025
allitems_ottawa,Ottawa,All-items,2025-04-01,165.8,2025-05-20 08:30:00,2025
allitems_ottawa,Ottawa,All-items,2025-05-01,166.9,2025-06-24 08:30:00,2025
allitems_ottawa,Ottawa,All-items,2025-06-01,166.8,2025-07-15 08:30:00,2025
allitems_ottawa,Ottawa,All-items,2025-07-01,167.3,2025-08-19 08:30:00,2025
allitems_ottawa,Ottawa,All-items,2025-08-01,166.8,2025-09-16 08:30:00,2025
allitems_ottawa,Ottawa,All-items,2025-09-01,167.0,2025-10-21 08:30:00,2025
allitems_ottawa,Ottawa,All-items,2025-10-01,167.0,2025-11-17 08:30:00,2025
allitems_ottawa,Ottawa,All-items,2025-11-01,167.3,2025-12-15 08:30:00,2025
allitems_ottawa,Ottawa,All-items,2025-12-01,166.9,2026-01-19 08:30:00,2025
allitems_ottawa,Ottawa,All-items,2026-01-01,167.0,2026-02-17 08:30:00,2026
allitems_ottawa,Ottawa,All-items,2026-02-01,168.1,2026-03-16 08:30:00,2026
allitems_ottawa,Ottawa,All-items,2026-03-01,169.8,2026-04-20 08:30:00,2026
allitems_ottawa,Ottawa,All-items,2026-04-01,170.4,2026-05-19 08:30:00,2026
allitems_ottawa,Ottawa,All-items,2026-05-01,172.0,2026-06-22 08:30:00,2026
allitems_ottawa,Ottawa,All-items,2026-06-01,171.4,2026-07-20 08:30:00,2026
allitems_ottawa,Ottawa,All-items,2026-07-01,171.7,2026-08-17 08:30:00,2026
allitems_ottawa,Ottawa,All-items,2026-08-01,171.6,2026-09-14 08:30:00,2026
allitems_quebec,Quebec,All-items,2013-09-01,122.0,2021-07-28 08:30:00,2013
allitems_quebec,Quebec,All-items,2013-10-01,121.6,2021-07-28 08:30:00,2013
allitems_quebec,Quebec,All-items,2013-11-01,121.8,2021-07-28 08:30:00,2013
allitems_quebec,Quebec,All-items,2013-12-01,121.5,2021-07-28 08:30:00,2013
allitems_quebec,Quebec,All-items,2014-01-01,121.7,2021-07-28 08:30:00,2014
allitems_quebec,Quebec,All-items,2014-02-01,122.6,2021-07-28 08:30:00,2014
allitems_quebec,Quebec,All-items,2014-03-01,122.9,2021-07-28 08:30:00,2014
allitems_quebec,Quebec,All-items,2014-04-01,123.4,2021-07-28 08:30:00,2014
allitems_quebec,Quebec,All-items,2014-05-01,123.8,2021-07-28 08:30:00,2014
allitems_quebec,Quebec,All-items,2014-06-01,123.9,2021-07-28 08:30:00,2014
allitems_quebec,Quebec,All-items,2014-07-01,123.7,2021-07-28 08:30:00,2014
allitems_quebec,Quebec,All-items,2014-08-01,123.8,2021-07-28 08:30:00,2014
allitems_quebec,Quebec,All-items,2014-09-01,123.9,2021-07-28 08:30:00,2014
allitems_quebec,Quebec,All-items,2014-10-01,124.3,2021-07-28 08:30:00,2014
allitems_quebec,Quebec,All-items,2014-11-01,123.8,2021-07-28 08:30:00,2014
allitems_quebec,Quebec,All-items,2014-12-01,122.8,2021-07-28 08:30:00,2014
allitems_quebec,Quebec,All-items,2015-01-01,122.6,2021-07-28 08:30:00,2015
allitems_quebec,Quebec,All-items,2015-02-01,123.9,2021-07-28 08:30:00,2015
allitems_quebec,Quebec,All-items,2015-03-01,124.7,2021-07-28 08:30:00,2015
allitems_quebec,Quebec,All-items,2015-04-01,124.7,2021-07-28 08:30:00,2015
allitems_quebec,Quebec,All-items,2015-05-01,125.3,2021-07-28 08:30:00,2015
allitems_quebec,Quebec,All-items,2015-06-01,125.2,2021-07-28 08:30:00,2015
allitems_quebec,Quebec,All-items,2015-07-01,125.3,2021-07-28 08:30:00,2015
allitems_quebec,Quebec,All-items,2015-08-01,125.2,2021-07-28 08:30:00,2015
allitems_quebec,Quebec,All-items,2015-09-01,125.1,2021-07-28 08:30:00,2015
allitems_quebec,Quebec,All-items,2015-10-01,125.2,2021-07-28 08:30:00,2015
allitems_quebec,Quebec,All-items,2015-11-01,124.9,2021-07-28 08:30:00,2015
allitems_quebec,Quebec,All-items,2015-12-01,124.4,2021-07-28 08:30:00,2015
allitems_quebec,Quebec,All-items,2016-01-01,124.6,2021-07-28 08:30:00,2016
allitems_quebec,Quebec,All-items,2016-02-01,125.1,2021-07-28 08:30:00,2016
allitems_quebec,Quebec,All-items,2016-03-01,125.6,2021-07-28 08:30:00,2016
allitems_quebec,Quebec,All-items,2016-04-01,126.0,2021-07-28 08:30:00,2016
allitems_quebec,Quebec,All-items,2016-05-01,126.2,2021-07-28 08:30:00,2016
allitems_quebec,Quebec,All-items,2016-06-01,126.0,2021-07-28 08:30:00,2016
allitems_quebec,Quebec,All-items,2016-07-01,125.6,2021-07-28 08:30:00,2016
allitems_quebec,Quebec,All-items,2016-08-01,125.3,2021-07-28 08:30:00,2016
allitems_quebec,Quebec,All-items,2016-09-01,125.8,2021-07-28 08:30:00,2016
allitems_quebec,Quebec,All-items,2016-10-01,125.9,2021-07-28 08:30:00,2016
allitems_quebec,Quebec,All-items,2016-11-01,125.6,2021-07-28 08:30:00,2016
allitems_quebec,Quebec,All-items,2016-12-01,125.2,2021-07-28 08:30:00,2016
allitems_quebec,Quebec,All-items,2017-01-01,126.2,2021-07-28 08:30:00,2017
allitems_quebec,Quebec,All-items,2017-02-01,126.6,2021-07-28 08:30:00,2017
allitems_quebec,Quebec,All-items,2017-03-01,126.7,2021-07-28 08:30:00,2017
allitems_quebec,Quebec,All-items,2017-04-01,127.0,2021-07-28 08:30:00,2017
allitems_quebec,Quebec,All-items,2017-05-01,127.1,2021-07-28 08:30:00,2017
allitems_quebec,Quebec,All-items,2017-06-01,126.7,2021-07-28 08:30:00,2017
allitems_quebec,Quebec,All-items,2017-07-01,126.7,2021-07-28 08:30:00,2017
allitems_quebec,Quebec,All-items,2017-08-01,126.7,2021-07-28 08:30:00,2017
allitems_quebec,Quebec,All-items,2017-09-01,127.1,2021-07-28 08:30:00,2017
allitems_quebec,Quebec,All-items,2017-10-01,127.2,2021-07-28 08:30:00,2017
allitems_quebec,Quebec,All-items,2017-11-01,127.7,2021-07-28 08:30:00,2017
allitems_quebec,Quebec,All-items,2017-12-01,127.5,2021-07-28 08:30:00,2017
allitems_quebec,Quebec,All-items,2018-01-01,127.8,2021-07-28 08:30:00,2018
allitems_quebec,Quebec,All-items,2018-02-01,128.5,2021-07-28 08:30:00,2018
allitems_quebec,Quebec,All-items,2018-03-01,128.7,2021-07-28 08:30:00,2018
allitems_quebec,Quebec,All-items,2018-04-01,129.2,2021-07-28 08:30:00,2018
allitems_quebec,Quebec,All-items,2018-05-01,129.3,2021-07-28 08:30:00,2018
allitems_quebec,Quebec,All-items,2018-06-01,129.2,2021-07-28 08:30:00,2018
allitems_quebec,Quebec,All-items,2018-07-01,129.7,2021-07-28 08:30:00,2018
allitems_quebec,Quebec,All-items,2018-08-01,129.5,2021-07-28 08:30:00,2018
allitems_quebec,Quebec,All-items,2018-09-01,129.3,2021-07-28 08:30:00,2018
allitems_quebec,Quebec,All-items,2018-10-01,129.4,2021-07-28 08:30:00,2018
allitems_quebec,Quebec,All-items,2018-11-01,128.9,2021-07-28 08:30:00,2018
allitems_quebec,Quebec,All-items,2018-12-01,128.9,2023-06-27 08:30:00,2018
allitems_quebec,Quebec,All-items,2019-01-01,129.1,2021-09-15 08:30:00,2019
allitems_quebec,Quebec,All-items,2019-02-01,130.2,2021-09-15 08:30:00,2019
allitems_quebec,Quebec,All-items,2019-03-01,131.0,2021-09-15 08:30:00,2019
allitems_quebec,Quebec,All-items,2019-04-01,131.5,2021-09-15 08:30:00,2019
allitems_quebec,Quebec,All-items,2019-05-01,132.4,2021-09-15 08:30:00,2019
allitems_quebec,Quebec,All-items,2019-06-01,132.0,2021-09-15 08:30:00,2019
allitems_quebec,Quebec,All-items,2019-07-01,132.6,2021-09-15 08:30:00,2019
allitems_quebec,Quebec,All-items,2019-08-01,132.4,2021-09-15 08:30:00,2019
allitems_quebec,Quebec,All-items,2019-09-01,132.1,2021-09-15 08:30:00,2019
allitems_quebec,Quebec,All-items,2019-10-01,132.4,2021-09-15 08:30:00,2019
allitems_quebec,Quebec,All-items,2019-11-01,132.4,2021-09-15 08:30:00,2019
allitems_quebec,Quebec,All-items,2019-12-01,132.4,2021-09-15 08:30:00,2019
allitems_quebec,Quebec,All-items,2020-01-01,132.6,2021-09-15 08:30:00,2020
allitems_quebec,Quebec,All-items,2020-02-01,133.2,2021-09-15 08:30:00,2020
allitems_quebec,Quebec,All-items,2020-03-01,132.5,2021-09-15 08:30:00,2020
allitems_quebec,Quebec,All-items,2020-04-01,131.7,2021-09-15 08:30:00,2020
allitems_quebec,Quebec,All-items,2020-05-01,131.9,2021-09-15 08:30:00,2020
allitems_quebec,Quebec,All-items,2020-06-01,132.8,2021-09-15 08:30:00,2020
allitems_quebec,Quebec,All-items,2020-07-01,133.0,2021-09-15 08:30:00,2020
allitems_quebec,Quebec,All-items,2020-08-01,132.9,2021-09-15 08:30:00,2020
allitems_quebec,Quebec,All-items,2020-09-01,132.5,2021-09-15 08:30:00,2020
allitems_quebec,Quebec,All-items,2020-10-01,133.1,2021-09-15 08:30:00,2020
allitems_quebec,Quebec,All-items,2020-11-01,133.5,2021-09-15 08:30:00,2020
allitems_quebec,Quebec,All-items,2020-12-01,133.4,2021-09-15 08:30:00,2020
allitems_quebec,Quebec,All-items,2021-01-01,134.3,2021-09-15 08:30:00,2021
allitems_quebec,Quebec,All-items,2021-02-01,135.3,2021-09-15 08:30:00,2021
allitems_quebec,Quebec,All-items,2021-03-01,135.4,2021-09-15 08:30:00,2021
allitems_quebec,Quebec,All-items,2021-04-01,136.2,2021-09-15 08:30:00,2021
allitems_quebec,Quebec,All-items,2021-05-01,137.3,2021-09-15 08:30:00,2021
allitems_quebec,Quebec,All-items,2021-06-01,137.7,2021-09-15 08:30:00,2021
allitems_quebec,Quebec,All-items,2021-07-01,138.5,2021-09-15 08:30:00,2021
allitems_quebec,Quebec,All-items,2021-08-01,138.7,2021-09-15 08:30:00,2021
allitems_quebec,Quebec,All-items,2021-09-01,139.2,2021-10-20 08:30:00,2021
allitems_quebec,Quebec,All-items,2021-10-01,140.2,2021-11-17 08:30:00,2021
allitems_quebec,Quebec,All-items,2021-11-01,140.5,2021-12-15 08:30:00,2021
allitems_quebec,Quebec,All-items,2021-12-01,140.2,2022-01-19 08:30:00,2021
allitems_quebec,Quebec,All-items,2022-01-01,141.1,2022-02-16 08:30:00,2022
allitems_quebec,Quebec,All-items,2022-02-01,142.6,2022-03-16 08:30:00,2022
allitems_quebec,Quebec,All-items,2022-03-01,144.5,2022-04-20 08:30:00,2022
allitems_quebec,Quebec,All-items,2022-04-01,145.5,2022-06-22 08:30:00,2022
allitems_quebec,Quebec,All-items,2022-05-01,147.6,2022-06-22 08:30:00,2022
allitems_quebec,Quebec,All-items,2022-06-01,148.7,2022-07-20 08:30:00,2022
allitems_quebec,Quebec,All-items,2022-07-01,148.6,2022-08-16 08:30:00,2022
allitems_quebec,Quebec,All-items,2022-08-01,148.6,2022-09-20 08:30:00,2022
allitems_quebec,Quebec,All-items,2022-09-01,148.3,2022-10-19 08:30:00,2022
allitems_quebec,Quebec,All-items,2022-10-01,149.2,2022-11-16 08:30:00,2022
allitems_quebec,Quebec,All-items,2022-11-01,150.1,2022-12-21 08:30:00,2022
allitems_quebec,Quebec,All-items,2022-12-01,149.0,2023-01-17 08:30:00,2022
allitems_quebec,Quebec,All-items,2023-01-01,149.9,2023-02-21 08:30:00,2023
allitems_quebec,Quebec,All-items,2023-02-01,150.6,2023-03-21 08:30:00,2023
allitems_quebec,Quebec,All-items,2023-03-01,151.3,2023-04-18 08:30:00,2023
allitems_quebec,Quebec,All-items,2023-04-01,152.5,2023-06-27 08:30:00,2023
allitems_quebec,Quebec,All-items,2023-05-01,153.5,2023-06-27 08:30:00,2023
allitems_quebec,Quebec,All-items,2023-06-01,154.1,2023-07-18 08:30:00,2023
allitems_quebec,Quebec,All-items,2023-07-01,154.4,2023-08-15 08:30:00,2023
allitems_quebec,Quebec,All-items,2023-08-01,155.4,2023-09-19 08:30:00,2023
allitems_quebec,Quebec,All-items,2023-09-01,155.4,2023-10-17 08:30:00,2023
allitems_quebec,Quebec,All-items,2023-10-01,155.4,2023-11-21 08:30:00,2023
allitems_quebec,Quebec,All-items,2023-11-01,155.5,2023-12-19 08:30:00,2023
allitems_quebec,Quebec,All-items,2023-12-01,155.0,2024-01-16 08:30:00,2023
allitems_quebec,Quebec,All-items,2024-01-01,154.8,2024-02-20 08:30:00,2024
allitems_quebec,Quebec,All-items,2024-02-01,155.5,2024-03-19 08:30:00,2024
allitems_quebec,Quebec,All-items,2024-03-01,156.7,2024-04-16 08:30:00,2024
allitems_quebec,Quebec,All-items,2024-04-01,157.0,2024-06-25 08:30:00,2024
allitems_quebec,Quebec,All-items,2024-05-01,158.2,2024-06-25 08:30:00,2024
allitems_quebec,Quebec,All-items,2024-06-01,157.5,2024-07-16 08:30:00,2024
allitems_quebec,Quebec,All-items,2024-07-01,157.9,2024-08-20 08:30:00,2024
allitems_quebec,Quebec,All-items,2024-08-01,157.7,2024-09-17 08:30:00,2024
allitems_quebec,Quebec,All-items,2024-09-01,157.4,2024-10-15 08:30:00,2024
allitems_quebec,Quebec,All-items,2024-10-01,157.9,2024-11-19 08:30:00,2024
allitems_quebec,Quebec,All-items,2024-11-01,157.8,2024-12-17 08:30:00,2024
allitems_quebec,Quebec,All-items,2024-12-01,157.5,2025-01-21 08:30:00,2024
allitems_quebec,Quebec,All-items,2025-01-01,157.6,2025-02-18 08:30:00,2025
allitems_quebec,Quebec,All-items,2025-02-01,158.6,2025-03-18 08:30:00,2025
allitems_quebec,Quebec,All-items,2025-03-01,159.7,2025-04-15 08:30:00,2025
allitems_quebec,Quebec,All-items,2025-04-01,160.4,2025-05-20 08:30:00,2025
allitems_quebec,Quebec,All-items,2025-05-01,160.9,2025-06-24 08:30:00,2025
allitems_quebec,Quebec,All-items,2025-06-01,161.0,2025-07-15 08:30:00,2025
allitems_quebec,Quebec,All-items,2025-07-01,161.6,2025-08-19 08:30:00,2025
allitems_quebec,Quebec,All-items,2025-08-01,161.9,2025-09-16 08:30:00,2025
allitems_quebec,Quebec,All-items,2025-09-01,162.6,2025-10-21 08:30:00,2025
allitems_quebec,Quebec,All-items,2025-10-01,162.9,2025-11-17 08:30:00,2025
allitems_quebec,Quebec,All-items,2025-11-01,162.6,2025-12-15 08:30:00,2025
allitems_quebec,Quebec,All-items,2025-12-01,162.6,2026-01-19 08:30:00,2025
allitems_quebec,Quebec,All-items,2026-01-01,162.3,2026-02-17 08:30:00,2026
allitems_quebec,Quebec,All-items,2026-02-01,163.1,2026-03-16 08:30:00,2026
allitems_quebec,Quebec,All-items,2026-03-01,164.3,2026-04-20 08:30:00,2026
allitems_quebec,Quebec,All-items,2026-04-01,165.2,2026-05-19 08:30:00,2026
allitems_quebec,Quebec,All-items,2026-05-01,166.7,2026-06-22 08:30:00,2026
allitems_quebec,Quebec,All-items,2026-06-01,166.2,2026-07-20 08:30:00,2026
allitems_quebec,Quebec,All-items,2026-07-01,167.0,2026-08-17 08:30:00,2026
allitems_quebec,Quebec,All-items,2026-08-01,166.9,2026-09-14 08:30:00,2026
rent_canada,Canada,Rent,2013-09-01,115.8,2021-07-28 08:30:00,2013
rent_canada,Canada,Rent,2013-10-01,116.0,2021-07-28 08:30:00,2013
rent_canada,Canada,Rent,2013-11-01,116.2,2021-07-28 08:30:00,2013
rent_canada,Canada,Rent,2013-12-01,116.3,2021-07-28 08:30:00,2013
rent_canada,Canada,Rent,2014-01-01,116.4,2021-07-28 08:30:00,2014
rent_canada,Canada,Rent,2014-02-01,116.5,2021-07-28 08:30:00,2014
rent_canada,Canada,Rent,2014-03-01,116.6,2021-07-28 08:30:00,2014
rent_canada,Canada,Rent,2014-04-01,116.7,2021-07-28 08:30:00,2014
rent_canada,Canada,Rent,2014-05-01,116.8,2021-07-28 08:30:00,2014
rent_canada,Canada,Rent,2014-06-01,117.0,2021-07-28 08:30:00,2014
rent_canada,Canada,Rent,2014-07-01,117.1,2021-07-28 08:30:00,2014
rent_canada,Canada,Rent,2014-08-01,117.3,2021-07-28 08:30:00,2014
rent_canada,Canada,Rent,2014-09-01,117.5,2021-07-28 08:30:00,2014
rent_canada,Canada,Rent,2014-10-01,117.7,2021-07-28 08:30:00,2014
rent_canada,Canada,Rent,2014-11-01,117.8,2021-07-28 08:30:00,2014
rent_canada,Canada,Rent,2014-12-01,117.9,2021-07-28 08:30:00,2014
rent_canada,Canada,Rent,2015-01-01,117.9,2021-07-28 08:30:00,2015
rent_canada,Canada,Rent,2015-02-01,118.1,2021-07-28 08:30:00,2015
rent_canada,Canada,Rent,2015-03-01,118.2,2021-07-28 08:30:00,2015
rent_canada,Canada,Rent,2015-04-01,118.3,2021-07-28 08:30:00,2015
rent_canada,Canada,Rent,2015-05-01,118.3,2021-07-28 08:30:00,2015
rent_canada,Canada,Rent,2015-06-01,118.4,2021-07-28 08:30:00,2015
rent_canada,Canada,Rent,2015-07-01,118.5,2021-07-28 08:30:00,2015
rent_canada,Canada,Rent,2015-08-01,118.6,2021-07-28 08:30:00,2015
rent_canada,Canada,Rent,2015-09-01,118.7,2021-07-28 08:30:00,2015
rent_canada,Canada,Rent,2015-10-01,118.8,2021-07-28 08:30:00,2015
rent_canada,Canada,Rent,2015-11-01,118.8,2021-07-28 08:30:00,2015
rent_canada,Canada,Rent,2015-12-01,118.9,2021-07-28 08:30:00,2015
rent_canada,Canada,Rent,2016-01-01,118.9,2021-07-28 08:30:00,2016
rent_canada,Canada,Rent,2016-02-01,119.0,2021-07-28 08:30:00,2016
rent_canada,Canada,Rent,2016-03-01,119.0,2021-07-28 08:30:00,2016
rent_canada,Canada,Rent,2016-04-01,119.0,2021-07-28 08:30:00,2016
rent_canada,Canada,Rent,2016-05-01,119.1,2021-07-28 08:30:00,2016
rent_canada,Canada,Rent,2016-06-01,119.1,2021-07-28 08:30:00,2016
rent_canada,Canada,Rent,2016-07-01,119.1,2021-07-28 08:30:00,2016
rent_canada,Canada,Rent,2016-08-01,119.3,2021-07-28 08:30:00,2016
rent_canada,Canada,Rent,2016-09-01,119.3,2021-07-28 08:30:00,2016
rent_canada,Canada,Rent,2016-10-01,119.4,2021-07-28 08:30:00,2016
rent_canada,Canada,Rent,2016-11-01,119.4,2021-07-28 08:30:00,2016
rent_canada,Canada,Rent,2016-12-01,119.5,2021-07-28 08:30:00,2016
rent_canada,Canada,Rent,2017-01-01,119.5,2021-07-28 08:30:00,2017
rent_canada,Canada,Rent,2017-02-01,119.6,2021-07-28 08:30:00,2017
rent_canada,Canada,Rent,2017-03-01,119.7,2021-07-28 08:30:00,2017
rent_canada,Canada,Rent,2017-04-01,119.7,2021-07-28 08:30:00,2017
rent_canada,Canada,Rent,2017-05-01,119.8,2021-07-28 08:30:00,2017
rent_canada,Canada,Rent,2017-06-01,119.9,2021-07-28 08:30:00,2017
rent_canada,Canada,Rent,2017-07-01,119.9,2021-07-28 08:30:00,2017
rent_canada,Canada,Rent,2017-08-01,120.0,2021-07-28 08:30:00,2017
rent_canada,Canada,Rent,2017-09-01,120.1,2021-07-28 08:30:00,2017
rent_canada,Canada,Rent,2017-10-01,120.2,2021-07-28 08:30:00,2017
rent_canada,Canada,Rent,2017-11-01,120.3,2021-07-28 08:30:00,2017
rent_canada,Canada,Rent,2017-12-01,120.4,2021-07-28 08:30:00,2017
rent_canada,Canada,Rent,2018-01-01,120.5,2021-07-28 08:30:00,2018
rent_canada,Canada,Rent,2018-02-01,120.7,2021-07-28 08:30:00,2018
rent_canada,Canada,Rent,2018-03-01,120.8,2021-07-28 08:30:00,2018
rent_canada,Canada,Rent,2018-04-01,120.9,2021-07-28 08:30:00,2018
rent_canada,Canada,Rent,2018-05-01,121.1,2021-07-28 08:30:00,2018
rent_canada,Canada,Rent,2018-06-01,121.2,2021-07-28 08:30:00,2018
rent_canada,Canada,Rent,2018-07-01,121.3,2021-07-28 08:30:00,2018
rent_canada,Canada,Rent,2018-08-01,121.6,2021-07-28 08:30:00,2018
rent_canada,Canada,Rent,2018-09-01,121.7,2021-07-28 08:30:00,2018
rent_canada,Canada,Rent,2018-10-01,121.8,2021-07-28 08:30:00,2018
rent_canada,Canada,Rent,2018-11-01,122.0,2021-07-28 08:30:00,2018
rent_canada,Canada,Rent,2018-12-01,122.1,2023-06-27 08:30:00,2018
rent_canada,Canada,Rent,2019-01-01,123.2,2021-09-15 08:30:00,2019
rent_canada,Canada,Rent,2019-02-01,123.7,2021-09-15 08:30:00,2019
rent_canada,Canada,Rent,2019-03-01,124.1,2021-09-15 08:30:00,2019
rent_canada,Canada,Rent,2019-04-01,123.6,2021-09-15 08:30:00,2019
rent_canada,Canada,Rent,2019-05-01,123.7,2021-09-15 08:30:00,2019
rent_canada,Canada,Rent,2019-06-01,124.1,2021-09-15 08:30:00,2019
rent_canada,Canada,Rent,2019-07-01,124.4,2021-09-15 08:30:00,2019
rent_canada,Canada,Rent,2019-08-01,125.3,2021-09-15 08:30:00,2019
rent_canada,Canada,Rent,2019-09-01,125.3,2021-09-15 08:30:00,2019
rent_canada,Canada,Rent,2019-10-01,126.3,2021-09-15 08:30:00,2019
rent_canada,Canada,Rent,2019-11-01,125.8,2021-09-15 08:30:00,2019
rent_canada,Canada,Rent,2019-12-01,126.3,2021-09-15 08:30:00,2019
rent_canada,Canada,Rent,2020-01-01,126.2,2021-09-15 08:30:00,2020
rent_canada,Canada,Rent,2020-02-01,127.1,2021-09-15 08:30:00,2020
rent_canada,Canada,Rent,2020-03-01,127.3,2021-09-15 08:30:00,2020
rent_canada,Canada,Rent,2020-04-01,126.5,2021-09-15 08:30:00,2020
rent_canada,Canada,Rent,2020-05-01,125.5,2021-09-15 08:30:00,2020
rent_canada,Canada,Rent,2020-06-01,126.3,2021-09-15 08:30:00,2020
rent_canada,Canada,Rent,2020-07-01,125.9,2021-09-15 08:30:00,2020
rent_canada,Canada,Rent,2020-08-01,127.0,2021-09-15 08:30:00,2020
rent_canada,Canada,Rent,2020-09-01,127.3,2021-09-15 08:30:00,2020
rent_canada,Canada,Rent,2020-10-01,127.5,2021-09-15 08:30:00,2020
rent_canada,Canada,Rent,2020-11-01,127.7,2021-09-15 08:30:00,2020
rent_canada,Canada,Rent,2020-12-01,127.0,2021-09-15 08:30:00,2020
rent_canada,Canada,Rent,2021-01-01,127.3,2021-09-15 08:30:00,2021
rent_canada,Canada,Rent,2021-02-01,127.2,2021-09-15 08:30:00,2021
rent_canada,Canada,Rent,2021-03-01,128.0,2021-09-15 08:30:00,2021
rent_canada,Canada,Rent,2021-04-01,127.7,2021-09-15 08:30:00,2021
rent_canada,Canada,Rent,2021-05-01,128.6,2021-09-15 08:30:00,2021
rent_canada,Canada,Rent,2021-06-01,129.0,2021-09-15 08:30:00,2021
rent_canada,Canada,Rent,2021-07-01,129.2,2021-09-15 08:30:00,2021
rent_canada,Canada,Rent,2021-08-01,129.0,2021-09-15 08:30:00,2021
rent_canada,Canada,Rent,2021-09-01,129.7,2021-10-20 08:30:00,2021
rent_canada,Canada,Rent,2021-10-01,129.8,2021-11-17 08:30:00,2021
rent_canada,Canada,Rent,2021-11-01,129.9,2021-12-15 08:30:00,2021
rent_canada,Canada,Rent,2021-12-01,130.5,2022-01-19 08:30:00,2021
rent_canada,Canada,Rent,2022-01-01,131.3,2022-02-16 08:30:00,2022
rent_canada,Canada,Rent,2022-02-01,132.6,2022-03-16 08:30:00,2022
rent_canada,Canada,Rent,2022-03-01,133.3,2022-04-20 08:30:00,2022
rent_canada,Canada,Rent,2022-04-01,133.5,2022-06-22 08:30:00,2022
rent_canada,Canada,Rent,2022-05-01,134.3,2022-06-22 08:30:00,2022
rent_canada,Canada,Rent,2022-06-01,134.5,2022-07-20 08:30:00,2022
rent_canada,Canada,Rent,2022-07-01,135.5,2022-08-16 08:30:00,2022
rent_canada,Canada,Rent,2022-08-01,135.1,2022-09-20 08:30:00,2022
rent_canada,Canada,Rent,2022-09-01,135.2,2022-10-19 08:30:00,2022
rent_canada,Canada,Rent,2022-10-01,135.9,2022-11-16 08:30:00,2022
rent_canada,Canada,Rent,2022-11-01,137.5,2022-12-21 08:30:00,2022
rent_canada,Canada,Rent,2022-12-01,138.1,2023-01-17 08:30:00,2022
rent_canada,Canada,Rent,2023-01-01,138.9,2023-02-21 08:30:00,2023
rent_canada,Canada,Rent,2023-02-01,139.7,2023-03-21 08:30:00,2023
rent_canada,Canada,Rent,2023-03-01,140.4,2023-04-18 08:30:00,2023
rent_canada,Canada,Rent,2023-04-01,141.6,2023-06-27 08:30:00,2023
rent_canada,Canada,Rent,2023-05-01,141.9,2023-06-27 08:30:00,2023
rent_canada,Canada,Rent,2023-06-01,142.3,2023-07-18 08:30:00,2023
rent_canada,Canada,Rent,2023-07-01,142.9,2023-08-15 08:30:00,2023
rent_canada,Canada,Rent,2023-08-01,143.9,2023-09-19 08:30:00,2023
rent_canada,Canada,Rent,2023-09-01,145.1,2023-10-17 08:30:00,2023
rent_canada,Canada,Rent,2023-10-01,147.1,2023-11-21 08:30:00,2023
rent_canada,Canada,Rent,2023-11-01,147.7,2023-12-19 08:30:00,2023
rent_canada,Canada,Rent,2023-12-01,148.8,2024-01-16 08:30:00,2023
rent_canada,Canada,Rent,2024-01-01,149.9,2024-02-20 08:30:00,2024
rent_canada,Canada,Rent,2024-02-01,151.1,2024-03-19 08:30:00,2024
rent_canada,Canada,Rent,2024-03-01,152.4,2024-04-16 08:30:00,2024
rent_canada,Canada,Rent,2024-04-01,153.2,2024-06-25 08:30:00,2024
rent_canada,Canada,Rent,2024-05-01,154.6,2024-06-25 08:30:00,2024
rent_canada,Canada,Rent,2024-06-01,154.8,2024-07-16 08:30:00,2024
rent_canada,Canada,Rent,2024-07-01,155.1,2024-08-20 08:30:00,2024
rent_canada,Canada,Rent,2024-08-01,156.7,2024-09-17 08:30:00,2024
rent_canada,Canada,Rent,2024-09-01,157.0,2024-10-15 08:30:00,2024
rent_canada,Canada,Rent,2024-10-01,157.9,2024-11-19 08:30:00,2024
rent_canada,Canada,Rent,2024-11-01,159.0,2024-12-17 08:30:00,2024
rent_canada,Canada,Rent,2024-12-01,159.4,2025-01-21 08:30:00,2024
rent_canada,Canada,Rent,2025-01-01,159.3,2025-02-18 08:30:00,2025
rent_canada,Canada,Rent,2025-02-01,159.8,2025-03-18 08:30:00,2025
rent_canada,Canada,Rent,2025-03-01,160.1,2025-04-15 08:30:00,2025
rent_canada,Canada,Rent,2025-04-01,161.2,2025-05-20 08:30:00,2025
rent_canada,Canada,Rent,2025-05-01,161.5,2025-06-24 08:30:00,2025
rent_canada,Canada,Rent,2025-06-01,162.1,2025-07-15 08:30:00,2025
rent_canada,Canada,Rent,2025-07-01,163.0,2025-08-19 08:30:00,2025
rent_canada,Canada,Rent,2025-08-01,163.7,2025-09-16 08:30:00,2025
rent_canada,Canada,Rent,2025-09-01,164.5,2025-10-21 08:30:00,2025
rent_canada,Canada,Rent,2025-10-01,166.1,2025-11-17 08:30:00,2025
rent_canada,Canada,Rent,2025-11-01,166.4,2025-12-15 08:30:00,2025
rent_canada,Canada,Rent,2025-12-01,167.2,2026-01-19 08:30:00,2025
rent_canada,Canada,Rent,2026-01-01,166.2,2026-02-17 08:30:00,2026
rent_canada,Canada,Rent,2026-02-01,166.0,2026-03-16 08:30:00,2026
rent_canada,Canada,Rent,2026-03-01,166.9,2026-04-20 08:30:00,2026
rent_canada,Canada,Rent,2026-04-01,167.0,2026-05-19 08:30:00,2026
rent_canada,Canada,Rent,2026-05-01,167.2,2026-06-22 08:30:00,2026
rent_canada,Canada,Rent,2026-06-01,167.8,2026-07-20 08:30:00,2026
rent_canada,Canada,Rent,2026-07-01,167.0,2026-08-17 08:30:00,2026
rent_canada,Canada,Rent,2026-08-01,168.3,2026-09-14 08:30:00,2026
rent_ontario,Ontario,Rent,2013-09-01,113.7,2021-07-28 08:30:00,2013
rent_ontario,Ontario,Rent,2013-10-01,114.0,2021-07-28 08:30:00,2013
rent_ontario,Ontario,Rent,2013-11-01,114.1,2021-07-28 08:30:00,2013
rent_ontario,Ontario,Rent,2013-12-01,114.2,2021-07-28 08:30:00,2013
rent_ontario,Ontario,Rent,2014-01-01,114.3,2021-07-28 08:30:00,2014
rent_ontario,Ontario,Rent,2014-02-01,114.4,2021-07-28 08:30:00,2014
rent_ontario,Ontario,Rent,2014-03-01,114.6,2021-07-28 08:30:00,2014
rent_ontario,Ontario,Rent,2014-04-01,114.7,2021-07-28 08:30:00,2014
rent_ontario,Ontario,Rent,2014-05-01,114.8,2021-07-28 08:30:00,2014
rent_ontario,Ontario,Rent,2014-06-01,114.9,2021-07-28 08:30:00,2014
rent_ontario,Ontario,Rent,2014-07-01,115.0,2021-07-28 08:30:00,2014
rent_ontario,Ontario,Rent,2014-08-01,115.1,2021-07-28 08:30:00,2014
rent_ontario,Ontario,Rent,2014-09-01,115.2,2021-07-28 08:30:00,2014
rent_ontario,Ontario,Rent,2014-10-01,115.3,2021-07-28 08:30:00,2014
rent_ontario,Ontario,Rent,2014-11-01,115.3,2021-07-28 08:30:00,2014
rent_ontario,Ontario,Rent,2014-12-01,115.5,2021-07-28 08:30:00,2014
rent_ontario,Ontario,Rent,2015-01-01,115.6,2021-07-28 08:30:00,2015
rent_ontario,Ontario,Rent,2015-02-01,115.7,2021-07-28 08:30:00,2015
rent_ontario,Ontario,Rent,2015-03-01,115.8,2021-07-28 08:30:00,2015
rent_ontario,Ontario,Rent,2015-04-01,115.9,2021-07-28 08:30:00,2015
rent_ontario,Ontario,Rent,2015-05-01,116.0,2021-07-28 08:30:00,2015
rent_ontario,Ontario,Rent,2015-06-01,116.0,2021-07-28 08:30:00,2015
rent_ontario,Ontario,Rent,2015-07-01,116.1,2021-07-28 08:30:00,2015
rent_ontario,Ontario,Rent,2015-08-01,116.2,2021-07-28 08:30:00,2015
rent_ontario,Ontario,Rent,2015-09-01,116.3,2021-07-28 08:30:00,2015
rent_ontario,Ontario,Rent,2015-10-01,116.5,2021-07-28 08:30:00,2015
rent_ontario,Ontario,Rent,2015-11-01,116.6,2021-07-28 08:30:00,2015
rent_ontario,Ontario,Rent,2015-12-01,116.7,2021-07-28 08:30:00,2015
rent_ontario,Ontario,Rent,2016-01-01,116.7,2021-07-28 08:30:00,2016
rent_ontario,Ontario,Rent,2016-02-01,116.8,2021-07-28 08:30:00,2016
rent_ontario,Ontario,Rent,2016-03-01,116.9,2021-07-28 08:30:00,2016
rent_ontario,Ontario,Rent,2016-04-01,117.0,2021-07-28 08:30:00,2016
rent_ontario,Ontario,Rent,2016-05-01,117.1,2021-07-28 08:30:00,2016
rent_ontario,Ontario,Rent,2016-06-01,117.2,2021-07-28 08:30:00,2016
rent_ontario,Ontario,Rent,2016-07-01,117.3,2021-07-28 08:30:00,2016
rent_ontario,Ontario,Rent,2016-08-01,117.4,2021-07-28 08:30:00,2016
rent_ontario,Ontario,Rent,2016-09-01,117.5,2021-07-28 08:30:00,2016
rent_ontario,Ontario,Rent,2016-10-01,117.6,2021-07-28 08:30:00,2016
rent_ontario,Ontario,Rent,2016-11-01,117.7,2021-07-28 08:30:00,2016
rent_ontario,Ontario,Rent,2016-12-01,117.8,2021-07-28 08:30:00,2016
rent_ontario,Ontario,Rent,2017-01-01,117.8,2021-07-28 08:30:00,2017
rent_ontario,Ontario,Rent,2017-02-01,117.9,2021-07-28 08:30:00,2017
rent_ontario,Ontario,Rent,2017-03-01,118.1,2021-07-28 08:30:00,2017
rent_ontario,Ontario,Rent,2017-04-01,118.2,2021-07-28 08:30:00,2017
rent_ontario,Ontario,Rent,2017-05-01,118.2,2021-07-28 08:30:00,2017
rent_ontario,Ontario,Rent,2017-06-01,118.3,2021-07-28 08:30:00,2017
rent_ontario,Ontario,Rent,2017-07-01,118.4,2021-07-28 08:30:00,2017
rent_ontario,Ontario,Rent,2017-08-01,118.4,2021-07-28 08:30:00,2017
rent_ontario,Ontario,Rent,2017-09-01,118.5,2021-07-28 08:30:00,2017
rent_ontario,Ontario,Rent,2017-10-01,118.6,2021-07-28 08:30:00,2017
rent_ontario,Ontario,Rent,2017-11-01,118.9,2021-07-28 08:30:00,2017
rent_ontario,Ontario,Rent,2017-12-01,119.0,2021-07-28 08:30:00,2017
rent_ontario,Ontario,Rent,2018-01-01,119.2,2021-07-28 08:30:00,2018
rent_ontario,Ontario,Rent,2018-02-01,119.4,2021-07-28 08:30:00,2018
rent_ontario,Ontario,Rent,2018-03-01,119.5,2021-07-28 08:30:00,2018
rent_ontario,Ontario,Rent,2018-04-01,119.7,2021-07-28 08:30:00,2018
rent_ontario,Ontario,Rent,2018-05-01,119.8,2021-07-28 08:30:00,2018
rent_ontario,Ontario,Rent,2018-06-01,120.0,2021-07-28 08:30:00,2018
rent_ontario,Ontario,Rent,2018-07-01,120.1,2021-07-28 08:30:00,2018
rent_ontario,Ontario,Rent,2018-08-01,120.3,2021-07-28 08:30:00,2018
rent_ontario,Ontario,Rent,2018-09-01,120.4,2021-07-28 08:30:00,2018
rent_ontario,Ontario,Rent,2018-10-01,120.7,2021-07-28 08:30:00,2018
rent_ontario,Ontario,Rent,2018-11-01,120.8,2021-07-28 08:30:00,2018
rent_ontario,Ontario,Rent,2018-12-01,120.9,2023-06-27 08:30:00,2018
rent_ontario,Ontario,Rent,2019-01-01,122.4,2021-09-15 08:30:00,2019
rent_ontario,Ontario,Rent,2019-02-01,123.7,2021-09-15 08:30:00,2019
rent_ontario,Ontario,Rent,2019-03-01,123.9,2021-09-15 08:30:00,2019
rent_ontario,Ontario,Rent,2019-04-01,123.9,2021-09-15 08:30:00,2019
rent_ontario,Ontario,Rent,2019-05-01,123.7,2021-09-15 08:30:00,2019
rent_ontario,Ontario,Rent,2019-06-01,124.0,2021-09-15 08:30:00,2019
rent_ontario,Ontario,Rent,2019-07-01,125.2,2021-09-15 08:30:00,2019
rent_ontario,Ontario,Rent,2019-08-01,125.8,2021-09-15 08:30:00,2019
rent_ontario,Ontario,Rent,2019-09-01,125.2,2021-09-15 08:30:00,2019
rent_ontario,Ontario,Rent,2019-10-01,126.3,2021-09-15 08:30:00,2019
rent_ontario,Ontario,Rent,2019-11-01,125.5,2021-09-15 08:30:00,2019
rent_ontario,Ontario,Rent,2019-12-01,125.9,2021-09-15 08:30:00,2019
rent_ontario,Ontario,Rent,2020-01-01,125.7,2021-09-15 08:30:00,2020
rent_ontario,Ontario,Rent,2020-02-01,126.6,2021-09-15 08:30:00,2020
rent_ontario,Ontario,Rent,2020-03-01,126.7,2021-09-15 08:30:00,2020
rent_ontario,Ontario,Rent,2020-04-01,126.6,2021-09-15 08:30:00,2020
rent_ontario,Ontario,Rent,2020-05-01,125.7,2021-09-15 08:30:00,2020
rent_ontario,Ontario,Rent,2020-06-01,126.5,2021-09-15 08:30:00,2020
rent_ontario,Ontario,Rent,2020-07-01,125.6,2021-09-15 08:30:00,2020
rent_ontario,Ontario,Rent,2020-08-01,127.6,2021-09-15 08:30:00,2020
rent_ontario,Ontario,Rent,2020-09-01,127.7,2021-09-15 08:30:00,2020
rent_ontario,Ontario,Rent,2020-10-01,127.9,2021-09-15 08:30:00,2020
rent_ontario,Ontario,Rent,2020-11-01,127.2,2021-09-15 08:30:00,2020
rent_ontario,Ontario,Rent,2020-12-01,126.2,2021-09-15 08:30:00,2020
rent_ontario,Ontario,Rent,2021-01-01,126.8,2021-09-15 08:30:00,2021
rent_ontario,Ontario,Rent,2021-02-01,126.9,2021-09-15 08:30:00,2021
rent_ontario,Ontario,Rent,2021-03-01,128.0,2021-09-15 08:30:00,2021
rent_ontario,Ontario,Rent,2021-04-01,127.5,2021-09-15 08:30:00,2021
rent_ontario,Ontario,Rent,2021-05-01,128.1,2021-09-15 08:30:00,2021
rent_ontario,Ontario,Rent,2021-06-01,128.3,2021-09-15 08:30:00,2021
rent_ontario,Ontario,Rent,2021-07-01,128.3,2021-09-15 08:30:00,2021
rent_ontario,Ontario,Rent,2021-08-01,128.1,2021-09-15 08:30:00,2021
rent_ontario,Ontario,Rent,2021-09-01,129.6,2021-10-20 08:30:00,2021
rent_ontario,Ontario,Rent,2021-10-01,130.3,2021-11-17 08:30:00,2021
rent_ontario,Ontario,Rent,2021-11-01,130.1,2021-12-15 08:30:00,2021
rent_ontario,Ontario,Rent,2021-12-01,130.6,2022-01-19 08:30:00,2021
rent_ontario,Ontario,Rent,2022-01-01,131.2,2022-02-16 08:30:00,2022
rent_ontario,Ontario,Rent,2022-02-01,133.3,2022-03-16 08:30:00,2022
rent_ontario,Ontario,Rent,2022-03-01,134.2,2022-04-20 08:30:00,2022
rent_ontario,Ontario,Rent,2022-04-01,134.2,2022-06-22 08:30:00,2022
rent_ontario,Ontario,Rent,2022-05-01,135.3,2022-06-22 08:30:00,2022
rent_ontario,Ontario,Rent,2022-06-01,135.2,2022-07-20 08:30:00,2022
rent_ontario,Ontario,Rent,2022-07-01,136.5,2022-08-16 08:30:00,2022
rent_ontario,Ontario,Rent,2022-08-01,135.8,2022-09-20 08:30:00,2022
rent_ontario,Ontario,Rent,2022-09-01,136.4,2022-10-19 08:30:00,2022
rent_ontario,Ontario,Rent,2022-10-01,137.6,2022-11-16 08:30:00,2022
rent_ontario,Ontario,Rent,2022-11-01,139.4,2022-12-21 08:30:00,2022
rent_ontario,Ontario,Rent,2022-12-01,139.6,2023-01-17 08:30:00,2022
rent_ontario,Ontario,Rent,2023-01-01,140.5,2023-02-21 08:30:00,2023
rent_ontario,Ontario,Rent,2023-02-01,140.6,2023-03-21 08:30:00,2023
rent_ontario,Ontario,Rent,2023-03-01,142.1,2023-04-18 08:30:00,2023
rent_ontario,Ontario,Rent,2023-04-01,142.9,2023-06-27 08:30:00,2023
rent_ontario,Ontario,Rent,2023-05-01,143.0,2023-06-27 08:30:00,2023
rent_ontario,Ontario,Rent,2023-06-01,143.9,2023-07-18 08:30:00,2023
rent_ontario,Ontario,Rent,2023-07-01,144.7,2023-08-15 08:30:00,2023
rent_ontario,Ontario,Rent,2023-08-01,145.2,2023-09-19 08:30:00,2023
rent_ontario,Ontario,Rent,2023-09-01,144.9,2023-10-17 08:30:00,2023
rent_ontario,Ontario,Rent,2023-10-01,147.3,2023-11-21 08:30:00,2023
rent_ontario,Ontario,Rent,2023-11-01,146.5,2023-12-19 08:30:00,2023
rent_ontario,Ontario,Rent,2023-12-01,149.2,2024-01-16 08:30:00,2023
rent_ontario,Ontario,Rent,2024-01-01,149.4,2024-02-20 08:30:00,2024
rent_ontario,Ontario,Rent,2024-02-01,150.6,2024-03-19 08:30:00,2024
rent_ontario,Ontario,Rent,2024-03-01,151.7,2024-04-16 08:30:00,2024
rent_ontario,Ontario,Rent,2024-04-01,151.6,2024-06-25 08:30:00,2024
rent_ontario,Ontario,Rent,2024-05-01,155.0,2024-06-25 08:30:00,2024
rent_ontario,Ontario,Rent,2024-06-01,154.2,2024-07-16 08:30:00,2024
rent_ontario,Ontario,Rent,2024-07-01,154.4,2024-08-20 08:30:00,2024
rent_ontario,Ontario,Rent,2024-08-01,155.5,2024-09-17 08:30:00,2024
rent_ontario,Ontario,Rent,2024-09-01,155.7,2024-10-15 08:30:00,2024
rent_ontario,Ontario,Rent,2024-10-01,156.1,2024-11-19 08:30:00,2024
rent_ontario,Ontario,Rent,2024-11-01,157.3,2024-12-17 08:30:00,2024
rent_ontario,Ontario,Rent,2024-12-01,158.8,2025-01-21 08:30:00,2024
rent_ontario,Ontario,Rent,2025-01-01,158.7,2025-02-18 08:30:00,2025
rent_ontario,Ontario,Rent,2025-02-01,159.6,2025-03-18 08:30:00,2025
rent_ontario,Ontario,Rent,2025-03-01,158.6,2025-04-15 08:30:00,2025
rent_ontario,Ontario,Rent,2025-04-01,159.8,2025-05-20 08:30:00,2025
rent_ontario,Ontario,Rent,2025-05-01,159.6,2025-06-24 08:30:00,2025
rent_ontario,Ontario,Rent,2025-06-01,160.8,2025-07-15 08:30:00,2025
rent_ontario,Ontario,Rent,2025-07-01,160.9,2025-08-19 08:30:00,2025
rent_ontario,Ontario,Rent,2025-08-01,160.5,2025-09-16 08:30:00,2025
rent_ontario,Ontario,Rent,2025-09-01,161.2,2025-10-21 08:30:00,2025
rent_ontario,Ontario,Rent,2025-10-01,163.1,2025-11-17 08:30:00,2025
rent_ontario,Ontario,Rent,2025-11-01,163.7,2025-12-15 08:30:00,2025
rent_ontario,Ontario,Rent,2025-12-01,163.4,2026-01-19 08:30:00,2025
rent_ontario,Ontario,Rent,2026-01-01,161.8,2026-02-17 08:30:00,2026
rent_ontario,Ontario,Rent,2026-02-01,161.6,2026-03-16 08:30:00,2026
rent_ontario,Ontario,Rent,2026-03-01,163.2,2026-04-20 08:30:00,2026
rent_ontario,Ontario,Rent,2026-04-01,163.3,2026-05-19 08:30:00,2026
rent_ontario,Ontario,Rent,2026-05-01,163.4,2026-06-22 08:30:00,2026
rent_ontario,Ontario,Rent,2026-06-01,164.4,2026-07-20 08:30:00,2026
rent_ontario,Ontario,Rent,2026-07-01,162.1,2026-08-17 08:30:00,2026
rent_ontario,Ontario,Rent,2026-08-01,164.3,2026-09-14 08:30:00,2026
rent_quebec,Quebec,Rent,2013-09-01,114.2,2021-07-28 08:30:00,2013
rent_quebec,Quebec,Rent,2013-10-01,114.4,2021-07-28 08:30:00,2013
rent_quebec,Quebec,Rent,2013-11-01,114.5,2021-07-28 08:30:00,2013
rent_quebec,Quebec,Rent,2013-12-01,114.5,2021-07-28 08:30:00,2013
rent_quebec,Quebec,Rent,2014-01-01,114.5,2021-07-28 08:30:00,2014
rent_quebec,Quebec,Rent,2014-02-01,114.6,2021-07-28 08:30:00,2014
rent_quebec,Quebec,Rent,2014-03-01,114.6,2021-07-28 08:30:00,2014
rent_quebec,Quebec,Rent,2014-04-01,114.6,2021-07-28 08:30:00,2014
rent_quebec,Quebec,Rent,2014-05-01,114.7,2021-07-28 08:30:00,2014
rent_quebec,Quebec,Rent,2014-06-01,114.8,2021-07-28 08:30:00,2014
rent_quebec,Quebec,Rent,2014-07-01,114.9,2021-07-28 08:30:00,2014
rent_quebec,Quebec,Rent,2014-08-01,115.4,2021-07-28 08:30:00,2014
rent_quebec,Quebec,Rent,2014-09-01,115.5,2021-07-28 08:30:00,2014
rent_quebec,Quebec,Rent,2014-10-01,115.6,2021-07-28 08:30:00,2014
rent_quebec,Quebec,Rent,2014-11-01,115.7,2021-07-28 08:30:00,2014
rent_quebec,Quebec,Rent,2014-12-01,115.7,2021-07-28 08:30:00,2014
rent_quebec,Quebec,Rent,2015-01-01,115.7,2021-07-28 08:30:00,2015
rent_quebec,Quebec,Rent,2015-02-01,115.8,2021-07-28 08:30:00,2015
rent_quebec,Quebec,Rent,2015-03-01,115.8,2021-07-28 08:30:00,2015
rent_quebec,Quebec,Rent,2015-04-01,115.8,2021-07-28 08:30:00,2015
rent_quebec,Quebec,Rent,2015-05-01,115.8,2021-07-28 08:30:00,2015
rent_quebec,Quebec,Rent,2015-06-01,115.9,2021-07-28 08:30:00,2015
rent_quebec,Quebec,Rent,2015-07-01,116.0,2021-07-28 08:30:00,2015
rent_quebec,Quebec,Rent,2015-08-01,116.5,2021-07-28 08:30:00,2015
rent_quebec,Quebec,Rent,2015-09-01,116.6,2021-07-28 08:30:00,2015
rent_quebec,Quebec,Rent,2015-10-01,116.6,2021-07-28 08:30:00,2015
rent_quebec,Quebec,Rent,2015-11-01,116.7,2021-07-28 08:30:00,2015
rent_quebec,Quebec,Rent,2015-12-01,116.7,2021-07-28 08:30:00,2015
rent_quebec,Quebec,Rent,2016-01-01,116.7,2021-07-28 08:30:00,2016
rent_quebec,Quebec,Rent,2016-02-01,116.8,2021-07-28 08:30:00,2016
rent_quebec,Quebec,Rent,2016-03-01,116.8,2021-07-28 08:30:00,2016
rent_quebec,Quebec,Rent,2016-04-01,116.8,2021-07-28 08:30:00,2016
rent_quebec,Quebec,Rent,2016-05-01,116.8,2021-07-28 08:30:00,2016
rent_quebec,Quebec,Rent,2016-06-01,116.9,2021-07-28 08:30:00,2016
rent_quebec,Quebec,Rent,2016-07-01,116.9,2021-07-28 08:30:00,2016
rent_quebec,Quebec,Rent,2016-08-01,117.4,2021-07-28 08:30:00,2016
rent_quebec,Quebec,Rent,2016-09-01,117.5,2021-07-28 08:30:00,2016
rent_quebec,Quebec,Rent,2016-10-01,117.5,2021-07-28 08:30:00,2016
rent_quebec,Quebec,Rent,2016-11-01,117.5,2021-07-28 08:30:00,2016
rent_quebec,Quebec,Rent,2016-12-01,117.6,2021-07-28 08:30:00,2016
rent_quebec,Quebec,Rent,2017-01-01,117.6,2021-07-28 08:30:00,2017
rent_quebec,Quebec,Rent,2017-02-01,117.6,2021-07-28 08:30:00,2017
rent_quebec,Quebec,Rent,2017-03-01,117.7,2021-07-28 08:30:00,2017
rent_quebec,Quebec,Rent,2017-04-01,117.7,2021-07-28 08:30:00,2017
rent_quebec,Quebec,Rent,2017-05-01,117.8,2021-07-28 08:30:00,2017
rent_quebec,Quebec,Rent,2017-06-01,117.8,2021-07-28 08:30:00,2017
rent_quebec,Quebec,Rent,2017-07-01,117.8,2021-07-28 08:30:00,2017
rent_quebec,Quebec,Rent,2017-08-01,118.2,2021-07-28 08:30:00,2017
rent_quebec,Quebec,Rent,2017-09-01,118.3,2021-07-28 08:30:00,2017
rent_quebec,Quebec,Rent,2017-10-01,118.3,2021-07-28 08:30:00,2017
rent_quebec,Quebec,Rent,2017-11-01,118.3,2021-07-28 08:30:00,2017
rent_quebec,Quebec,Rent,2017-12-01,118.4,2021-07-28 08:30:00,2017
rent_quebec,Quebec,Rent,2018-01-01,118.4,2021-07-28 08:30:00,2018
rent_quebec,Quebec,Rent,2018-02-01,118.5,2021-07-28 08:30:00,2018
rent_quebec,Quebec,Rent,2018-03-01,118.5,2021-07-28 08:30:00,2018
rent_quebec,Quebec,Rent,2018-04-01,118.6,2021-07-28 08:30:00,2018
rent_quebec,Quebec,Rent,2018-05-01,118.6,2021-07-28 08:30:00,2018
rent_quebec,Quebec,Rent,2018-06-01,118.6,2021-07-28 08:30:00,2018
rent_quebec,Quebec,Rent,2018-07-01,118.7,2021-07-28 08:30:00,2018
rent_quebec,Quebec,Rent,2018-08-01,119.2,2021-07-28 08:30:00,2018
rent_quebec,Quebec,Rent,2018-09-01,119.3,2021-07-28 08:30:00,2018
rent_quebec,Quebec,Rent,2018-10-01,119.4,2021-07-28 08:30:00,2018
rent_quebec,Quebec,Rent,2018-11-01,119.5,2021-07-28 08:30:00,2018
rent_quebec,Quebec,Rent,2018-12-01,119.6,2023-06-27 08:30:00,2018
rent_quebec,Quebec,Rent,2019-01-01,120.0,2021-09-15 08:30:00,2019
rent_quebec,Quebec,Rent,2019-02-01,120.2,2021-09-15 08:30:00,2019
rent_quebec,Quebec,Rent,2019-03-01,120.9,2021-09-15 08:30:00,2019
rent_quebec,Quebec,Rent,2019-04-01,120.0,2021-09-15 08:30:00,2019
rent_quebec,Quebec,Rent,2019-05-01,120.3,2021-09-15 08:30:00,2019
rent_quebec,Quebec,Rent,2019-06-01,120.1,2021-09-15 08:30:00,2019
rent_quebec,Quebec,Rent,2019-07-01,120.0,2021-09-15 08:30:00,2019
rent_quebec,Quebec,Rent,2019-08-01,121.4,2021-09-15 08:30:00,2019
rent_quebec,Quebec,Rent,2019-09-01,122.7,2021-09-15 08:30:00,2019
rent_quebec,Quebec,Rent,2019-10-01,123.6,2021-09-15 08:30:00,2019
rent_quebec,Quebec,Rent,2019-11-01,122.3,2021-09-15 08:30:00,2019
rent_quebec,Quebec,Rent,2019-12-01,123.0,2021-09-15 08:30:00,2019
rent_quebec,Quebec,Rent,2020-01-01,122.3,2021-09-15 08:30:00,2020
rent_quebec,Quebec,Rent,2020-02-01,122.7,2021-09-15 08:30:00,2020
rent_quebec,Quebec,Rent,2020-03-01,123.2,2021-09-15 08:30:00,2020
rent_quebec,Quebec,Rent,2020-04-01,121.7,2021-09-15 08:30:00,2020
rent_quebec,Quebec,Rent,2020-05-01,120.6,2021-09-15 08:30:00,2020
rent_quebec,Quebec,Rent,2020-06-01,121.5,2021-09-15 08:30:00,2020
rent_quebec,Quebec,Rent,2020-07-01,121.1,2021-09-15 08:30:00,2020
rent_quebec,Quebec,Rent,2020-08-01,123.0,2021-09-15 08:30:00,2020
rent_quebec,Quebec,Rent,2020-09-01,122.7,2021-09-15 08:30:00,2020
rent_quebec,Quebec,Rent,2020-10-01,124.1,2021-09-15 08:30:00,2020
rent_quebec,Quebec,Rent,2020-11-01,124.8,2021-09-15 08:30:00,2020
rent_quebec,Quebec,Rent,2020-12-01,124.2,2021-09-15 08:30:00,2020
rent_quebec,Quebec,Rent,2021-01-01,124.5,2021-09-15 08:30:00,2021
rent_quebec,Quebec,Rent,2021-02-01,124.5,2021-09-15 08:30:00,2021
rent_quebec,Quebec,Rent,2021-03-01,124.2,2021-09-15 08:30:00,2021
rent_quebec,Quebec,Rent,2021-04-01,124.5,2021-09-15 08:30:00,2021
rent_quebec,Quebec,Rent,2021-05-01,126.0,2021-09-15 08:30:00,2021
rent_quebec,Quebec,Rent,2021-06-01,126.7,2021-09-15 08:30:00,2021
rent_quebec,Quebec,Rent,2021-07-01,127.7,2021-09-15 08:30:00,2021
rent_quebec,Quebec,Rent,2021-08-01,127.6,2021-09-15 08:30:00,2021
rent_quebec,Quebec,Rent,2021-09-01,127.2,2021-10-20 08:30:00,2021
rent_quebec,Quebec,Rent,2021-10-01,126.1,2021-11-17 08:30:00,2021
rent_quebec,Quebec,Rent,2021-11-01,126.3,2021-12-15 08:30:00,2021
rent_quebec,Quebec,Rent,2021-12-01,127.0,2022-01-19 08:30:00,2021
rent_quebec,Quebec,Rent,2022-01-01,127.8,2022-02-16 08:30:00,2022
rent_quebec,Quebec,Rent,2022-02-01,128.8,2022-03-16 08:30:00,2022
rent_quebec,Quebec,Rent,2022-03-01,128.9,2022-04-20 08:30:00,2022
rent_quebec,Quebec,Rent,2022-04-01,129.9,2022-06-22 08:30:00,2022
rent_quebec,Quebec,Rent,2022-05-01,130.3,2022-06-22 08:30:00,2022
rent_quebec,Quebec,Rent,2022-06-01,130.6,2022-07-20 08:30:00,2022
rent_quebec,Quebec,Rent,2022-07-01,130.2,2022-08-16 08:30:00,2022
rent_quebec,Quebec,Rent,2022-08-01,131.4,2022-09-20 08:30:00,2022
rent_quebec,Quebec,Rent,2022-09-01,131.0,2022-10-19 08:30:00,2022
rent_quebec,Quebec,Rent,2022-10-01,130.9,2022-11-16 08:30:00,2022
rent_quebec,Quebec,Rent,2022-11-01,133.0,2022-12-21 08:30:00,2022
rent_quebec,Quebec,Rent,2022-12-01,133.9,2023-01-17 08:30:00,2022
rent_quebec,Quebec,Rent,2023-01-01,134.2,2023-02-21 08:30:00,2023
rent_quebec,Quebec,Rent,2023-02-01,134.3,2023-03-21 08:30:00,2023
rent_quebec,Quebec,Rent,2023-03-01,134.3,2023-04-18 08:30:00,2023
rent_quebec,Quebec,Rent,2023-04-01,135.2,2023-06-27 08:30:00,2023
rent_quebec,Quebec,Rent,2023-05-01,135.8,2023-06-27 08:30:00,2023
rent_quebec,Quebec,Rent,2023-06-01,137.0,2023-07-18 08:30:00,2023
rent_quebec,Quebec,Rent,2023-07-01,137.7,2023-08-15 08:30:00,2023
rent_quebec,Quebec,Rent,2023-08-01,140.3,2023-09-19 08:30:00,2023
rent_quebec,Quebec,Rent,2023-09-01,141.3,2023-10-17 08:30:00,2023
rent_quebec,Quebec,Rent,2023-10-01,142.8,2023-11-21 08:30:00,2023
rent_quebec,Quebec,Rent,2023-11-01,142.9,2023-12-19 08:30:00,2023
rent_quebec,Quebec,Rent,2023-12-01,143.0,2024-01-16 08:30:00,2023
rent_quebec,Quebec,Rent,2024-01-01,145.0,2024-02-20 08:30:00,2024
rent_quebec,Quebec,Rent,2024-02-01,145.6,2024-03-19 08:30:00,2024
rent_quebec,Quebec,Rent,2024-03-01,147.6,2024-04-16 08:30:00,2024
rent_quebec,Quebec,Rent,2024-04-01,147.7,2024-06-25 08:30:00,2024
rent_quebec,Quebec,Rent,2024-05-01,148.3,2024-06-25 08:30:00,2024
rent_quebec,Quebec,Rent,2024-06-01,149.3,2024-07-16 08:30:00,2024
rent_quebec,Quebec,Rent,2024-07-01,150.5,2024-08-20 08:30:00,2024
rent_quebec,Quebec,Rent,2024-08-01,154.3,2024-09-17 08:30:00,2024
rent_quebec,Quebec,Rent,2024-09-01,153.9,2024-10-15 08:30:00,2024
rent_quebec,Quebec,Rent,2024-10-01,154.1,2024-11-19 08:30:00,2024
rent_quebec,Quebec,Rent,2024-11-01,154.6,2024-12-17 08:30:00,2024
rent_quebec,Quebec,Rent,2024-12-01,155.1,2025-01-21 08:30:00,2024
rent_quebec,Quebec,Rent,2025-01-01,155.7,2025-02-18 08:30:00,2025
rent_quebec,Quebec,Rent,2025-02-01,154.6,2025-03-18 08:30:00,2025
rent_quebec,Quebec,Rent,2025-03-01,157.2,2025-04-15 08:30:00,2025
rent_quebec,Quebec,Rent,2025-04-01,158.4,2025-05-20 08:30:00,2025
rent_quebec,Quebec,Rent,2025-05-01,158.2,2025-06-24 08:30:00,2025
rent_quebec,Quebec,Rent,2025-06-01,159.4,2025-07-15 08:30:00,2025
rent_quebec,Quebec,Rent,2025-07-01,161.7,2025-08-19 08:30:00,2025
rent_quebec,Quebec,Rent,2025-08-01,165.5,2025-09-16 08:30:00,2025
rent_quebec,Quebec,Rent,2025-09-01,168.6,2025-10-21 08:30:00,2025
rent_quebec,Quebec,Rent,2025-10-01,169.0,2025-11-17 08:30:00,2025
rent_quebec,Quebec,Rent,2025-11-01,167.4,2025-12-15 08:30:00,2025
rent_quebec,Quebec,Rent,2025-12-01,170.2,2026-01-19 08:30:00,2025
rent_quebec,Quebec,Rent,2026-01-01,169.0,2026-02-17 08:30:00,2026
rent_quebec,Quebec,Rent,2026-02-01,168.0,2026-03-16 08:30:00,2026
rent_quebec,Quebec,Rent,2026-03-01,165.1,2026-04-20 08:30:00,2026
rent_quebec,Quebec,Rent,2026-04-01,167.0,2026-05-19 08:30:00,2026
rent_quebec,Quebec,Rent,2026-05-01,167.2,2026-06-22 08:30:00,2026
rent_quebec,Quebec,Rent,2026-06-01,168.0,2026-07-20 08:30:00,2026
rent_quebec,Quebec,Rent,2026-07-01,168.1,2026-08-17 08:30:00,2026
rent_quebec,Quebec,Rent,2026-08-01,170.5,2026-09-14 08:30:00,2026
rented_accom_montreal,Montreal,Rented accommodation,2013-09-01,115.3,2021-07-28 08:30:00,2013
rented_accom_montreal,Montreal,Rented accommodation,2013-10-01,115.5,2021-07-28 08:30:00,2013
rented_accom_montreal,Montreal,Rented accommodation,2013-11-01,115.5,2021-07-28 08:30:00,2013
rented_accom_montreal,Montreal,Rented accommodation,2013-12-01,115.6,2021-07-28 08:30:00,2013
rented_accom_montreal,Montreal,Rented accommodation,2014-01-01,115.7,2021-07-28 08:30:00,2014
rented_accom_montreal,Montreal,Rented accommodation,2014-02-01,115.7,2021-07-28 08:30:00,2014
rented_accom_montreal,Montreal,Rented accommodation,2014-03-01,115.7,2021-07-28 08:30:00,2014
rented_accom_montreal,Montreal,Rented accommodation,2014-04-01,115.8,2021-07-28 08:30:00,2014
rented_accom_montreal,Montreal,Rented accommodation,2014-05-01,115.8,2021-07-28 08:30:00,2014
rented_accom_montreal,Montreal,Rented accommodation,2014-06-01,115.9,2021-07-28 08:30:00,2014
rented_accom_montreal,Montreal,Rented accommodation,2014-07-01,116.1,2021-07-28 08:30:00,2014
rented_accom_montreal,Montreal,Rented accommodation,2014-08-01,116.6,2021-07-28 08:30:00,2014
rented_accom_montreal,Montreal,Rented accommodation,2014-09-01,116.7,2021-07-28 08:30:00,2014
rented_accom_montreal,Montreal,Rented accommodation,2014-10-01,116.8,2021-07-28 08:30:00,2014
rented_accom_montreal,Montreal,Rented accommodation,2014-11-01,116.8,2021-07-28 08:30:00,2014
rented_accom_montreal,Montreal,Rented accommodation,2014-12-01,116.9,2021-07-28 08:30:00,2014
rented_accom_montreal,Montreal,Rented accommodation,2015-01-01,116.9,2021-07-28 08:30:00,2015
rented_accom_montreal,Montreal,Rented accommodation,2015-02-01,116.9,2021-07-28 08:30:00,2015
rented_accom_montreal,Montreal,Rented accommodation,2015-03-01,117.0,2021-07-28 08:30:00,2015
rented_accom_montreal,Montreal,Rented accommodation,2015-04-01,117.1,2021-07-28 08:30:00,2015
rented_accom_montreal,Montreal,Rented accommodation,2015-05-01,117.1,2021-07-28 08:30:00,2015
rented_accom_montreal,Montreal,Rented accommodation,2015-06-01,117.1,2021-07-28 08:30:00,2015
rented_accom_montreal,Montreal,Rented accommodation,2015-07-01,117.2,2021-07-28 08:30:00,2015
rented_accom_montreal,Montreal,Rented accommodation,2015-08-01,117.9,2021-07-28 08:30:00,2015
rented_accom_montreal,Montreal,Rented accommodation,2015-09-01,117.9,2021-07-28 08:30:00,2015
rented_accom_montreal,Montreal,Rented accommodation,2015-10-01,118.0,2021-07-28 08:30:00,2015
rented_accom_montreal,Montreal,Rented accommodation,2015-11-01,118.1,2021-07-28 08:30:00,2015
rented_accom_montreal,Montreal,Rented accommodation,2015-12-01,118.1,2021-07-28 08:30:00,2015
rented_accom_montreal,Montreal,Rented accommodation,2016-01-01,118.1,2021-07-28 08:30:00,2016
rented_accom_montreal,Montreal,Rented accommodation,2016-02-01,118.2,2021-07-28 08:30:00,2016
rented_accom_montreal,Montreal,Rented accommodation,2016-03-01,118.2,2021-07-28 08:30:00,2016
rented_accom_montreal,Montreal,Rented accommodation,2016-04-01,118.3,2021-07-28 08:30:00,2016
rented_accom_montreal,Montreal,Rented accommodation,2016-05-01,118.2,2021-07-28 08:30:00,2016
rented_accom_montreal,Montreal,Rented accommodation,2016-06-01,118.3,2021-07-28 08:30:00,2016
rented_accom_montreal,Montreal,Rented accommodation,2016-07-01,118.3,2021-07-28 08:30:00,2016
rented_accom_montreal,Montreal,Rented accommodation,2016-08-01,118.8,2021-07-28 08:30:00,2016
rented_accom_montreal,Montreal,Rented accommodation,2016-09-01,119.0,2021-07-28 08:30:00,2016
rented_accom_montreal,Montreal,Rented accommodation,2016-10-01,119.1,2021-07-28 08:30:00,2016
rented_accom_montreal,Montreal,Rented accommodation,2016-11-01,119.1,2021-07-28 08:30:00,2016
rented_accom_montreal,Montreal,Rented accommodation,2016-12-01,119.1,2021-07-28 08:30:00,2016
rented_accom_montreal,Montreal,Rented accommodation,2017-01-01,119.2,2021-07-28 08:30:00,2017
rented_accom_montreal,Montreal,Rented accommodation,2017-02-01,119.2,2021-07-28 08:30:00,2017
rented_accom_montreal,Montreal,Rented accommodation,2017-03-01,119.3,2021-07-28 08:30:00,2017
rented_accom_montreal,Montreal,Rented accommodation,2017-04-01,119.4,2021-07-28 08:30:00,2017
rented_accom_montreal,Montreal,Rented accommodation,2017-05-01,119.4,2021-07-28 08:30:00,2017
rented_accom_montreal,Montreal,Rented accommodation,2017-06-01,119.4,2021-07-28 08:30:00,2017
rented_accom_montreal,Montreal,Rented accommodation,2017-07-01,119.4,2021-07-28 08:30:00,2017
rented_accom_montreal,Montreal,Rented accommodation,2017-08-01,119.8,2021-07-28 08:30:00,2017
rented_accom_montreal,Montreal,Rented accommodation,2017-09-01,120.0,2021-07-28 08:30:00,2017
rented_accom_montreal,Montreal,Rented accommodation,2017-10-01,120.0,2021-07-28 08:30:00,2017
rented_accom_montreal,Montreal,Rented accommodation,2017-11-01,120.0,2021-07-28 08:30:00,2017
rented_accom_montreal,Montreal,Rented accommodation,2017-12-01,120.1,2021-07-28 08:30:00,2017
rented_accom_montreal,Montreal,Rented accommodation,2018-01-01,120.1,2021-07-28 08:30:00,2018
rented_accom_montreal,Montreal,Rented accommodation,2018-02-01,120.2,2021-07-28 08:30:00,2018
rented_accom_montreal,Montreal,Rented accommodation,2018-03-01,120.2,2021-07-28 08:30:00,2018
rented_accom_montreal,Montreal,Rented accommodation,2018-04-01,120.3,2021-07-28 08:30:00,2018
rented_accom_montreal,Montreal,Rented accommodation,2018-05-01,120.3,2021-07-28 08:30:00,2018
rented_accom_montreal,Montreal,Rented accommodation,2018-06-01,120.3,2021-07-28 08:30:00,2018
rented_accom_montreal,Montreal,Rented accommodation,2018-07-01,120.4,2021-07-28 08:30:00,2018
rented_accom_montreal,Montreal,Rented accommodation,2018-08-01,121.0,2021-07-28 08:30:00,2018
rented_accom_montreal,Montreal,Rented accommodation,2018-09-01,121.1,2021-07-28 08:30:00,2018
rented_accom_montreal,Montreal,Rented accommodation,2018-10-01,121.2,2021-07-28 08:30:00,2018
rented_accom_montreal,Montreal,Rented accommodation,2018-11-01,121.2,2021-07-28 08:30:00,2018
rented_accom_montreal,Montreal,Rented accommodation,2018-12-01,121.3,2023-06-27 08:30:00,2018
rented_accom_montreal,Montreal,Rented accommodation,2019-01-01,121.4,2021-09-15 08:30:00,2019
rented_accom_montreal,Montreal,Rented accommodation,2019-02-01,121.9,2021-09-15 08:30:00,2019
rented_accom_montreal,Montreal,Rented accommodation,2019-03-01,123.0,2021-09-15 08:30:00,2019
rented_accom_montreal,Montreal,Rented accommodation,2019-04-01,121.7,2021-09-15 08:30:00,2019
rented_accom_montreal,Montreal,Rented accommodation,2019-05-01,121.9,2021-09-15 08:30:00,2019
rented_accom_montreal,Montreal,Rented accommodation,2019-06-01,121.9,2021-09-15 08:30:00,2019
rented_accom_montreal,Montreal,Rented accommodation,2019-07-01,122.2,2021-09-15 08:30:00,2019
rented_accom_montreal,Montreal,Rented accommodation,2019-08-01,124.6,2021-09-15 08:30:00,2019
rented_accom_montreal,Montreal,Rented accommodation,2019-09-01,126.1,2021-09-15 08:30:00,2019
rented_accom_montreal,Montreal,Rented accommodation,2019-10-01,127.7,2021-09-15 08:30:00,2019
rented_accom_montreal,Montreal,Rented accommodation,2019-11-01,126.0,2021-09-15 08:30:00,2019
rented_accom_montreal,Montreal,Rented accommodation,2019-12-01,126.8,2021-09-15 08:30:00,2019
rented_accom_montreal,Montreal,Rented accommodation,2020-01-01,124.8,2021-09-15 08:30:00,2020
rented_accom_montreal,Montreal,Rented accommodation,2020-02-01,124.9,2021-09-15 08:30:00,2020
rented_accom_montreal,Montreal,Rented accommodation,2020-03-01,125.9,2021-09-15 08:30:00,2020
rented_accom_montreal,Montreal,Rented accommodation,2020-04-01,123.8,2021-09-15 08:30:00,2020
rented_accom_montreal,Montreal,Rented accommodation,2020-05-01,122.9,2021-09-15 08:30:00,2020
rented_accom_montreal,Montreal,Rented accommodation,2020-06-01,123.9,2021-09-15 08:30:00,2020
rented_accom_montreal,Montreal,Rented accommodation,2020-07-01,123.9,2021-09-15 08:30:00,2020
rented_accom_montreal,Montreal,Rented accommodation,2020-08-01,125.8,2021-09-15 08:30:00,2020
rented_accom_montreal,Montreal,Rented accommodation,2020-09-01,125.3,2021-09-15 08:30:00,2020
rented_accom_montreal,Montreal,Rented accommodation,2020-10-01,127.8,2021-09-15 08:30:00,2020
rented_accom_montreal,Montreal,Rented accommodation,2020-11-01,128.1,2021-09-15 08:30:00,2020
rented_accom_montreal,Montreal,Rented accommodation,2020-12-01,127.7,2021-09-15 08:30:00,2020
rented_accom_montreal,Montreal,Rented accommodation,2021-01-01,128.0,2021-09-15 08:30:00,2021
rented_accom_montreal,Montreal,Rented accommodation,2021-02-01,128.1,2021-09-15 08:30:00,2021
rented_accom_montreal,Montreal,Rented accommodation,2021-03-01,127.4,2021-09-15 08:30:00,2021
rented_accom_montreal,Montreal,Rented accommodation,2021-04-01,127.4,2021-09-15 08:30:00,2021
rented_accom_montreal,Montreal,Rented accommodation,2021-05-01,130.1,2021-09-15 08:30:00,2021
rented_accom_montreal,Montreal,Rented accommodation,2021-06-01,131.0,2021-09-15 08:30:00,2021
rented_accom_montreal,Montreal,Rented accommodation,2021-07-01,131.5,2021-09-15 08:30:00,2021
rented_accom_montreal,Montreal,Rented accommodation,2021-08-01,131.7,2021-09-15 08:30:00,2021
rented_accom_montreal,Montreal,Rented accommodation,2021-09-01,131.3,2021-10-20 08:30:00,2021
rented_accom_montreal,Montreal,Rented accommodation,2021-10-01,130.0,2021-11-17 08:30:00,2021
rented_accom_montreal,Montreal,Rented accommodation,2021-11-01,128.9,2021-12-15 08:30:00,2021
rented_accom_montreal,Montreal,Rented accommodation,2021-12-01,130.0,2022-01-19 08:30:00,2021
rented_accom_montreal,Montreal,Rented accommodation,2022-01-01,131.8,2022-02-16 08:30:00,2022
rented_accom_montreal,Montreal,Rented accommodation,2022-02-01,133.0,2022-03-16 08:30:00,2022
rented_accom_montreal,Montreal,Rented accommodation,2022-03-01,132.8,2022-04-20 08:30:00,2022
rented_accom_montreal,Montreal,Rented accommodation,2022-04-01,133.4,2022-06-22 08:30:00,2022
rented_accom_montreal,Montreal,Rented accommodation,2022-05-01,133.5,2022-06-22 08:30:00,2022
rented_accom_montreal,Montreal,Rented accommodation,2022-06-01,133.8,2022-07-20 08:30:00,2022
rented_accom_montreal,Montreal,Rented accommodation,2022-07-01,133.7,2022-08-16 08:30:00,2022
rented_accom_montreal,Montreal,Rented accommodation,2022-08-01,135.3,2022-09-20 08:30:00,2022
rented_accom_montreal,Montreal,Rented accommodation,2022-09-01,135.1,2022-10-19 08:30:00,2022
rented_accom_montreal,Montreal,Rented accommodation,2022-10-01,134.5,2022-11-16 08:30:00,2022
rented_accom_montreal,Montreal,Rented accommodation,2022-11-01,137.6,2022-12-21 08:30:00,2022
rented_accom_montreal,Montreal,Rented accommodation,2022-12-01,137.9,2023-01-17 08:30:00,2022
rented_accom_montreal,Montreal,Rented accommodation,2023-01-01,138.7,2023-02-21 08:30:00,2023
rented_accom_montreal,Montreal,Rented accommodation,2023-02-01,138.8,2023-03-21 08:30:00,2023
rented_accom_montreal,Montreal,Rented accommodation,2023-03-01,138.3,2023-04-18 08:30:00,2023
rented_accom_montreal,Montreal,Rented accommodation,2023-04-01,140.2,2023-06-27 08:30:00,2023
rented_accom_montreal,Montreal,Rented accommodation,2023-05-01,140.3,2023-06-27 08:30:00,2023
rented_accom_montreal,Montreal,Rented accommodation,2023-06-01,141.7,2023-07-18 08:30:00,2023
rented_accom_montreal,Montreal,Rented accommodation,2023-07-01,142.5,2023-08-15 08:30:00,2023
rented_accom_montreal,Montreal,Rented accommodation,2023-08-01,145.7,2023-09-19 08:30:00,2023
rented_accom_montreal,Montreal,Rented accommodation,2023-09-01,146.7,2023-10-17 08:30:00,2023
rented_accom_montreal,Montreal,Rented accommodation,2023-10-01,147.6,2023-11-21 08:30:00,2023
rented_accom_montreal,Montreal,Rented accommodation,2023-11-01,148.1,2023-12-19 08:30:00,2023
rented_accom_montreal,Montreal,Rented accommodation,2023-12-01,147.6,2024-01-16 08:30:00,2023
rented_accom_montreal,Montreal,Rented accommodation,2024-01-01,149.7,2024-02-20 08:30:00,2024
rented_accom_montreal,Montreal,Rented accommodation,2024-02-01,150.3,2024-03-19 08:30:00,2024
rented_accom_montreal,Montreal,Rented accommodation,2024-03-01,152.7,2024-04-16 08:30:00,2024
rented_accom_montreal,Montreal,Rented accommodation,2024-04-01,152.4,2024-06-25 08:30:00,2024
rented_accom_montreal,Montreal,Rented accommodation,2024-05-01,153.2,2024-06-25 08:30:00,2024
rented_accom_montreal,Montreal,Rented accommodation,2024-06-01,154.0,2024-07-16 08:30:00,2024
rented_accom_montreal,Montreal,Rented accommodation,2024-07-01,155.2,2024-08-20 08:30:00,2024
rented_accom_montreal,Montreal,Rented accommodation,2024-08-01,158.8,2024-09-17 08:30:00,2024
rented_accom_montreal,Montreal,Rented accommodation,2024-09-01,158.5,2024-10-15 08:30:00,2024
rented_accom_montreal,Montreal,Rented accommodation,2024-10-01,157.9,2024-11-19 08:30:00,2024
rented_accom_montreal,Montreal,Rented accommodation,2024-11-01,158.8,2024-12-17 08:30:00,2024
rented_accom_montreal,Montreal,Rented accommodation,2024-12-01,159.5,2025-01-21 08:30:00,2024
rented_accom_montreal,Montreal,Rented accommodation,2025-01-01,159.4,2025-02-18 08:30:00,2025
rented_accom_montreal,Montreal,Rented accommodation,2025-02-01,158.3,2025-03-18 08:30:00,2025
rented_accom_montreal,Montreal,Rented accommodation,2025-03-01,161.2,2025-04-15 08:30:00,2025
rented_accom_montreal,Montreal,Rented accommodation,2025-04-01,162.6,2025-05-20 08:30:00,2025
rented_accom_montreal,Montreal,Rented accommodation,2025-05-01,160.7,2025-06-24 08:30:00,2025
rented_accom_montreal,Montreal,Rented accommodation,2025-06-01,161.5,2025-07-15 08:30:00,2025
rented_accom_montreal,Montreal,Rented accommodation,2025-07-01,164.3,2025-08-19 08:30:00,2025
rented_accom_montreal,Montreal,Rented accommodation,2025-08-01,169.1,2025-09-16 08:30:00,2025
rented_accom_montreal,Montreal,Rented accommodation,2025-09-01,173.1,2025-10-21 08:30:00,2025
rented_accom_montreal,Montreal,Rented accommodation,2025-10-01,173.0,2025-11-17 08:30:00,2025
rented_accom_montreal,Montreal,Rented accommodation,2025-11-01,170.5,2025-12-15 08:30:00,2025
rented_accom_montreal,Montreal,Rented accommodation,2025-12-01,173.9,2026-01-19 08:30:00,2025
rented_accom_montreal,Montreal,Rented accommodation,2026-01-01,172.1,2026-02-17 08:30:00,2026
rented_accom_montreal,Montreal,Rented accommodation,2026-02-01,171.6,2026-03-16 08:30:00,2026
rented_accom_montreal,Montreal,Rented accommodation,2026-03-01,168.5,2026-04-20 08:30:00,2026
rented_accom_montreal,Montreal,Rented accommodation,2026-04-01,170.6,2026-05-19 08:30:00,2026
rented_accom_montreal,Montreal,Rented accommodation,2026-05-01,170.7,2026-06-22 08:30:00,2026
rented_accom_montreal,Montreal,Rented accommodation,2026-06-01,171.0,2026-07-20 08:30:00,2026
rented_accom_montreal,Montreal,Rented accommodation,2026-07-01,172.0,2026-08-17 08:30:00,2026
rented_accom_montreal,Montreal,Rented accommodation,2026-08-01,174.7,2026-09-14 08:30:00,2026
rented_accom_ottawa,Ottawa,Rented accommodation,2013-09-01,115.2,2021-07-28 08:30:00,2013
rented_accom_ottawa,Ottawa,Rented accommodation,2013-10-01,115.0,2021-07-28 08:30:00,2013
rented_accom_ottawa,Ottawa,Rented accommodation,2013-11-01,115.0,2021-07-28 08:30:00,2013
rented_accom_ottawa,Ottawa,Rented accommodation,2013-12-01,115.0,2021-07-28 08:30:00,2013
rented_accom_ottawa,Ottawa,Rented accommodation,2014-01-01,115.1,2021-07-28 08:30:00,2014
rented_accom_ottawa,Ottawa,Rented accommodation,2014-02-01,115.3,2021-07-28 08:30:00,2014
rented_accom_ottawa,Ottawa,Rented accommodation,2014-03-01,115.4,2021-07-28 08:30:00,2014
rented_accom_ottawa,Ottawa,Rented accommodation,2014-04-01,115.8,2021-07-28 08:30:00,2014
rented_accom_ottawa,Ottawa,Rented accommodation,2014-05-01,115.6,2021-07-28 08:30:00,2014
rented_accom_ottawa,Ottawa,Rented accommodation,2014-06-01,115.7,2021-07-28 08:30:00,2014
rented_accom_ottawa,Ottawa,Rented accommodation,2014-07-01,115.8,2021-07-28 08:30:00,2014
rented_accom_ottawa,Ottawa,Rented accommodation,2014-08-01,115.8,2021-07-28 08:30:00,2014
rented_accom_ottawa,Ottawa,Rented accommodation,2014-09-01,115.8,2021-07-28 08:30:00,2014
rented_accom_ottawa,Ottawa,Rented accommodation,2014-10-01,115.8,2021-07-28 08:30:00,2014
rented_accom_ottawa,Ottawa,Rented accommodation,2014-11-01,115.8,2021-07-28 08:30:00,2014
rented_accom_ottawa,Ottawa,Rented accommodation,2014-12-01,115.9,2021-07-28 08:30:00,2014
rented_accom_ottawa,Ottawa,Rented accommodation,2015-01-01,116.1,2021-07-28 08:30:00,2015
rented_accom_ottawa,Ottawa,Rented accommodation,2015-02-01,116.1,2021-07-28 08:30:00,2015
rented_accom_ottawa,Ottawa,Rented accommodation,2015-03-01,116.1,2021-07-28 08:30:00,2015
rented_accom_ottawa,Ottawa,Rented accommodation,2015-04-01,116.2,2021-07-28 08:30:00,2015
rented_accom_ottawa,Ottawa,Rented accommodation,2015-05-01,116.3,2021-07-28 08:30:00,2015
rented_accom_ottawa,Ottawa,Rented accommodation,2015-06-01,116.3,2021-07-28 08:30:00,2015
rented_accom_ottawa,Ottawa,Rented accommodation,2015-07-01,116.4,2021-07-28 08:30:00,2015
rented_accom_ottawa,Ottawa,Rented accommodation,2015-08-01,116.5,2021-07-28 08:30:00,2015
rented_accom_ottawa,Ottawa,Rented accommodation,2015-09-01,116.6,2021-07-28 08:30:00,2015
rented_accom_ottawa,Ottawa,Rented accommodation,2015-10-01,116.7,2021-07-28 08:30:00,2015
rented_accom_ottawa,Ottawa,Rented accommodation,2015-11-01,116.6,2021-07-28 08:30:00,2015
rented_accom_ottawa,Ottawa,Rented accommodation,2015-12-01,116.6,2021-07-28 08:30:00,2015
rented_accom_ottawa,Ottawa,Rented accommodation,2016-01-01,116.6,2021-07-28 08:30:00,2016
rented_accom_ottawa,Ottawa,Rented accommodation,2016-02-01,116.5,2021-07-28 08:30:00,2016
rented_accom_ottawa,Ottawa,Rented accommodation,2016-03-01,116.6,2021-07-28 08:30:00,2016
rented_accom_ottawa,Ottawa,Rented accommodation,2016-04-01,116.7,2021-07-28 08:30:00,2016
rented_accom_ottawa,Ottawa,Rented accommodation,2016-05-01,116.7,2021-07-28 08:30:00,2016
rented_accom_ottawa,Ottawa,Rented accommodation,2016-06-01,116.8,2021-07-28 08:30:00,2016
rented_accom_ottawa,Ottawa,Rented accommodation,2016-07-01,117.1,2021-07-28 08:30:00,2016
rented_accom_ottawa,Ottawa,Rented accommodation,2016-08-01,117.1,2021-07-28 08:30:00,2016
rented_accom_ottawa,Ottawa,Rented accommodation,2016-09-01,117.3,2021-07-28 08:30:00,2016
rented_accom_ottawa,Ottawa,Rented accommodation,2016-10-01,117.4,2021-07-28 08:30:00,2016
rented_accom_ottawa,Ottawa,Rented accommodation,2016-11-01,117.6,2021-07-28 08:30:00,2016
rented_accom_ottawa,Ottawa,Rented accommodation,2016-12-01,117.7,2021-07-28 08:30:00,2016
rented_accom_ottawa,Ottawa,Rented accommodation,2017-01-01,117.7,2021-07-28 08:30:00,2017
rented_accom_ottawa,Ottawa,Rented accommodation,2017-02-01,117.8,2021-07-28 08:30:00,2017
rented_accom_ottawa,Ottawa,Rented accommodation,2017-03-01,117.9,2021-07-28 08:30:00,2017
rented_accom_ottawa,Ottawa,Rented accommodation,2017-04-01,118.3,2021-07-28 08:30:00,2017
rented_accom_ottawa,Ottawa,Rented accommodation,2017-05-01,118.3,2021-07-28 08:30:00,2017
rented_accom_ottawa,Ottawa,Rented accommodation,2017-06-01,118.3,2021-07-28 08:30:00,2017
rented_accom_ottawa,Ottawa,Rented accommodation,2017-07-01,118.4,2021-07-28 08:30:00,2017
rented_accom_ottawa,Ottawa,Rented accommodation,2017-08-01,118.5,2021-07-28 08:30:00,2017
rented_accom_ottawa,Ottawa,Rented accommodation,2017-09-01,118.6,2021-07-28 08:30:00,2017
rented_accom_ottawa,Ottawa,Rented accommodation,2017-10-01,118.6,2021-07-28 08:30:00,2017
rented_accom_ottawa,Ottawa,Rented accommodation,2017-11-01,118.6,2021-07-28 08:30:00,2017
rented_accom_ottawa,Ottawa,Rented accommodation,2017-12-01,118.7,2021-07-28 08:30:00,2017
rented_accom_ottawa,Ottawa,Rented accommodation,2018-01-01,118.9,2021-07-28 08:30:00,2018
rented_accom_ottawa,Ottawa,Rented accommodation,2018-02-01,119.0,2021-07-28 08:30:00,2018
rented_accom_ottawa,Ottawa,Rented accommodation,2018-03-01,119.0,2021-07-28 08:30:00,2018
rented_accom_ottawa,Ottawa,Rented accommodation,2018-04-01,119.1,2021-07-28 08:30:00,2018
rented_accom_ottawa,Ottawa,Rented accommodation,2018-05-01,119.2,2021-07-28 08:30:00,2018
rented_accom_ottawa,Ottawa,Rented accommodation,2018-06-01,119.2,2021-07-28 08:30:00,2018
rented_accom_ottawa,Ottawa,Rented accommodation,2018-07-01,119.5,2021-07-28 08:30:00,2018
rented_accom_ottawa,Ottawa,Rented accommodation,2018-08-01,119.8,2021-07-28 08:30:00,2018
rented_accom_ottawa,Ottawa,Rented accommodation,2018-09-01,119.9,2021-07-28 08:30:00,2018
rented_accom_ottawa,Ottawa,Rented accommodation,2018-10-01,120.2,2021-07-28 08:30:00,2018
rented_accom_ottawa,Ottawa,Rented accommodation,2018-11-01,120.4,2021-07-28 08:30:00,2018
rented_accom_ottawa,Ottawa,Rented accommodation,2018-12-01,120.5,2023-06-27 08:30:00,2018
rented_accom_ottawa,Ottawa,Rented accommodation,2019-01-01,120.6,2021-09-15 08:30:00,2019
rented_accom_ottawa,Ottawa,Rented accommodation,2019-02-01,122.0,2021-09-15 08:30:00,2019
rented_accom_ottawa,Ottawa,Rented accommodation,2019-03-01,119.6,2021-09-15 08:30:00,2019
rented_accom_ottawa,Ottawa,Rented accommodation,2019-04-01,117.6,2021-09-15 08:30:00,2019
rented_accom_ottawa,Ottawa,Rented accommodation,2019-05-01,119.4,2021-09-15 08:30:00,2019
rented_accom_ottawa,Ottawa,Rented accommodation,2019-06-01,119.4,2021-09-15 08:30:00,2019
rented_accom_ottawa,Ottawa,Rented accommodation,2019-07-01,122.4,2021-09-15 08:30:00,2019
rented_accom_ottawa,Ottawa,Rented accommodation,2019-08-01,123.9,2021-09-15 08:30:00,2019
rented_accom_ottawa,Ottawa,Rented accommodation,2019-09-01,125.3,2021-09-15 08:30:00,2019
rented_accom_ottawa,Ottawa,Rented accommodation,2019-10-01,125.7,2021-09-15 08:30:00,2019
rented_accom_ottawa,Ottawa,Rented accommodation,2019-11-01,127.4,2021-09-15 08:30:00,2019
rented_accom_ottawa,Ottawa,Rented accommodation,2019-12-01,128.4,2021-09-15 08:30:00,2019
rented_accom_ottawa,Ottawa,Rented accommodation,2020-01-01,125.7,2021-09-15 08:30:00,2020
rented_accom_ottawa,Ottawa,Rented accommodation,2020-02-01,126.2,2021-09-15 08:30:00,2020
rented_accom_ottawa,Ottawa,Rented accommodation,2020-03-01,125.4,2021-09-15 08:30:00,2020
rented_accom_ottawa,Ottawa,Rented accommodation,2020-04-01,122.7,2021-09-15 08:30:00,2020
rented_accom_ottawa,Ottawa,Rented accommodation,2020-05-01,121.4,2021-09-15 08:30:00,2020
rented_accom_ottawa,Ottawa,Rented accommodation,2020-06-01,121.7,2021-09-15 08:30:00,2020
rented_accom_ottawa,Ottawa,Rented accommodation,2020-07-01,125.2,2021-09-15 08:30:00,2020
rented_accom_ottawa,Ottawa,Rented accommodation,2020-08-01,127.4,2021-09-15 08:30:00,2020
rented_accom_ottawa,Ottawa,Rented accommodation,2020-09-01,129.4,2021-09-15 08:30:00,2020
rented_accom_ottawa,Ottawa,Rented accommodation,2020-10-01,129.8,2021-09-15 08:30:00,2020
rented_accom_ottawa,Ottawa,Rented accommodation,2020-11-01,130.8,2021-09-15 08:30:00,2020
rented_accom_ottawa,Ottawa,Rented accommodation,2020-12-01,127.0,2021-09-15 08:30:00,2020
rented_accom_ottawa,Ottawa,Rented accommodation,2021-01-01,125.3,2021-09-15 08:30:00,2021
rented_accom_ottawa,Ottawa,Rented accommodation,2021-02-01,125.9,2021-09-15 08:30:00,2021
rented_accom_ottawa,Ottawa,Rented accommodation,2021-03-01,123.5,2021-09-15 08:30:00,2021
rented_accom_ottawa,Ottawa,Rented accommodation,2021-04-01,127.1,2021-09-15 08:30:00,2021
rented_accom_ottawa,Ottawa,Rented accommodation,2021-05-01,126.1,2021-09-15 08:30:00,2021
rented_accom_ottawa,Ottawa,Rented accommodation,2021-06-01,125.1,2021-09-15 08:30:00,2021
rented_accom_ottawa,Ottawa,Rented accommodation,2021-07-01,129.7,2021-09-15 08:30:00,2021
rented_accom_ottawa,Ottawa,Rented accommodation,2021-08-01,127.8,2021-09-15 08:30:00,2021
rented_accom_ottawa,Ottawa,Rented accommodation,2021-09-01,128.1,2021-10-20 08:30:00,2021
rented_accom_ottawa,Ottawa,Rented accommodation,2021-10-01,127.9,2021-11-17 08:30:00,2021
rented_accom_ottawa,Ottawa,Rented accommodation,2021-11-01,129.3,2021-12-15 08:30:00,2021
rented_accom_ottawa,Ottawa,Rented accommodation,2021-12-01,128.5,2022-01-19 08:30:00,2021
rented_accom_ottawa,Ottawa,Rented accommodation,2022-01-01,130.6,2022-02-16 08:30:00,2022
rented_accom_ottawa,Ottawa,Rented accommodation,2022-02-01,129.8,2022-03-16 08:30:00,2022
rented_accom_ottawa,Ottawa,Rented accommodation,2022-03-01,133.7,2022-04-20 08:30:00,2022
rented_accom_ottawa,Ottawa,Rented accommodation,2022-04-01,130.5,2022-06-22 08:30:00,2022
rented_accom_ottawa,Ottawa,Rented accommodation,2022-05-01,131.0,2022-06-22 08:30:00,2022
rented_accom_ottawa,Ottawa,Rented accommodation,2022-06-01,127.6,2022-07-20 08:30:00,2022
rented_accom_ottawa,Ottawa,Rented accommodation,2022-07-01,131.4,2022-08-16 08:30:00,2022
rented_accom_ottawa,Ottawa,Rented accommodation,2022-08-01,132.7,2022-09-20 08:30:00,2022
rented_accom_ottawa,Ottawa,Rented accommodation,2022-09-01,131.1,2022-10-19 08:30:00,2022
rented_accom_ottawa,Ottawa,Rented accommodation,2022-10-01,133.1,2022-11-16 08:30:00,2022
rented_accom_ottawa,Ottawa,Rented accommodation,2022-11-01,134.2,2022-12-21 08:30:00,2022
rented_accom_ottawa,Ottawa,Rented accommodation,2022-12-01,133.9,2023-01-17 08:30:00,2022
rented_accom_ottawa,Ottawa,Rented accommodation,2023-01-01,135.9,2023-02-21 08:30:00,2023
rented_accom_ottawa,Ottawa,Rented accommodation,2023-02-01,132.0,2023-03-21 08:30:00,2023
rented_accom_ottawa,Ottawa,Rented accommodation,2023-03-01,135.0,2023-04-18 08:30:00,2023
rented_accom_ottawa,Ottawa,Rented accommodation,2023-04-01,135.4,2023-06-27 08:30:00,2023
rented_accom_ottawa,Ottawa,Rented accommodation,2023-05-01,134.0,2023-06-27 08:30:00,2023
rented_accom_ottawa,Ottawa,Rented accommodation,2023-06-01,138.7,2023-07-18 08:30:00,2023
rented_accom_ottawa,Ottawa,Rented accommodation,2023-07-01,139.6,2023-08-15 08:30:00,2023
rented_accom_ottawa,Ottawa,Rented accommodation,2023-08-01,136.5,2023-09-19 08:30:00,2023
rented_accom_ottawa,Ottawa,Rented accommodation,2023-09-01,132.8,2023-10-17 08:30:00,2023
rented_accom_ottawa,Ottawa,Rented accommodation,2023-10-01,134.7,2023-11-21 08:30:00,2023
rented_accom_ottawa,Ottawa,Rented accommodation,2023-11-01,136.7,2023-12-19 08:30:00,2023
rented_accom_ottawa,Ottawa,Rented accommodation,2023-12-01,136.0,2024-01-16 08:30:00,2023
rented_accom_ottawa,Ottawa,Rented accommodation,2024-01-01,137.6,2024-02-20 08:30:00,2024
rented_accom_ottawa,Ottawa,Rented accommodation,2024-02-01,138.0,2024-03-19 08:30:00,2024
rented_accom_ottawa,Ottawa,Rented accommodation,2024-03-01,143.4,2024-04-16 08:30:00,2024
rented_accom_ottawa,Ottawa,Rented accommodation,2024-04-01,146.7,2024-06-25 08:30:00,2024
rented_accom_ottawa,Ottawa,Rented accommodation,2024-05-01,147.5,2024-06-25 08:30:00,2024
rented_accom_ottawa,Ottawa,Rented accommodation,2024-06-01,147.7,2024-07-16 08:30:00,2024
rented_accom_ottawa,Ottawa,Rented accommodation,2024-07-01,148.3,2024-08-20 08:30:00,2024
rented_accom_ottawa,Ottawa,Rented accommodation,2024-08-01,151.1,2024-09-17 08:30:00,2024
rented_accom_ottawa,Ottawa,Rented accommodation,2024-09-01,149.4,2024-10-15 08:30:00,2024
rented_accom_ottawa,Ottawa,Rented accommodation,2024-10-01,146.2,2024-11-19 08:30:00,2024
rented_accom_ottawa,Ottawa,Rented accommodation,2024-11-01,149.7,2024-12-17 08:30:00,2024
rented_accom_ottawa,Ottawa,Rented accommodation,2024-12-01,148.3,2025-01-21 08:30:00,2024
rented_accom_ottawa,Ottawa,Rented accommodation,2025-01-01,152.7,2025-02-18 08:30:00,2025
rented_accom_ottawa,Ottawa,Rented accommodation,2025-02-01,151.4,2025-03-18 08:30:00,2025
rented_accom_ottawa,Ottawa,Rented accommodation,2025-03-01,155.0,2025-04-15 08:30:00,2025
rented_accom_ottawa,Ottawa,Rented accommodation,2025-04-01,155.3,2025-05-20 08:30:00,2025
rented_accom_ottawa,Ottawa,Rented accommodation,2025-05-01,153.7,2025-06-24 08:30:00,2025
rented_accom_ottawa,Ottawa,Rented accommodation,2025-06-01,151.1,2025-07-15 08:30:00,2025
rented_accom_ottawa,Ottawa,Rented accommodation,2025-07-01,151.8,2025-08-19 08:30:00,2025
rented_accom_ottawa,Ottawa,Rented accommodation,2025-08-01,150.1,2025-09-16 08:30:00,2025
rented_accom_ottawa,Ottawa,Rented accommodation,2025-09-01,150.3,2025-10-21 08:30:00,2025
rented_accom_ottawa,Ottawa,Rented accommodation,2025-10-01,150.6,2025-11-17 08:30:00,2025
rented_accom_ottawa,Ottawa,Rented accommodation,2025-11-01,149.6,2025-12-15 08:30:00,2025
rented_accom_ottawa,Ottawa,Rented accommodation,2025-12-01,149.3,2026-01-19 08:30:00,2025
rented_accom_ottawa,Ottawa,Rented accommodation,2026-01-01,152.1,2026-02-17 08:30:00,2026
rented_accom_ottawa,Ottawa,Rented accommodation,2026-02-01,154.4,2026-03-16 08:30:00,2026
rented_accom_ottawa,Ottawa,Rented accommodation,2026-03-01,158.5,2026-04-20 08:30:00,2026
rented_accom_ottawa,Ottawa,Rented accommodation,2026-04-01,157.5,2026-05-19 08:30:00,2026
rented_accom_ottawa,Ottawa,Rented accommodation,2026-05-01,158.0,2026-06-22 08:30:00,2026
rented_accom_ottawa,Ottawa,Rented accommodation,2026-06-01,160.1,2026-07-20 08:30:00,2026
rented_accom_ottawa,Ottawa,Rented accommodation,2026-07-01,155.5,2026-08-17 08:30:00,2026
rented_accom_ottawa,Ottawa,Rented accommodation,2026-08-01,156.0,2026-09-14 08:30:00,2026
